"candidate_id","profile","n","share","mean_c","median_c","mean_t","median_t","mean_b","median_b"
"floor-low__car-0.05__bike-0.05","La voiture ouvre l’accès",54925,0.863600628930818,0.935803368229404,1,0.176931634046427,0,0.234757760582613,0
"floor-low__car-0.05__bike-0.05","Accès à pied ou en TC possible",1667,0.0262106918238994,0.999430113977205,1,0.969496100779844,0.97,0.987816436712658,1
"floor-low__car-0.05__bike-0.05","Le vélo compense",1521,0.0239150943396226,0.985996055226824,1,0.759618671926364,0.83,0.971630506245891,0.98
"floor-low__car-0.05__bike-0.05","Aucun mode ne permet l’accès",5487,0.0862735849056604,0.00360488427191544,0,0,0,1.82248952068526e-05,0
"floor-low__car-0.05__bike-0.10","La voiture ouvre l’accès",54925,0.863600628930818,0.935803368229404,1,0.176931634046427,0,0.234757760582613,0
"floor-low__car-0.05__bike-0.10","Accès à pied ou en TC possible",2210,0.034748427672956,0.998714932126697,1,0.953864253393665,0.96,0.98579185520362,0.99
"floor-low__car-0.05__bike-0.10","Le vélo compense",978,0.015377358490566,0.980153374233129,1,0.678415132924335,0.76,0.96721881390593,0.98
"floor-low__car-0.05__bike-0.10","Aucun mode ne permet l’accès",5487,0.0862735849056604,0.00360488427191544,0,0,0,1.82248952068526e-05,0
"floor-low__car-0.05__bike-0.20","La voiture ouvre l’accès",54925,0.863600628930818,0.935803368229404,1,0.176931634046427,0,0.234757760582613,0
"floor-low__car-0.05__bike-0.20","Accès à pied ou en TC possible",2646,0.0416037735849057,0.997157974300831,1,0.931730914588057,0.95,0.983416477702192,0.99
"floor-low__car-0.05__bike-0.20","Le vélo compense",542,0.00852201257861635,0.972822878228782,1,0.564889298892989,0.64,0.963874538745387,0.98
"floor-low__car-0.05__bike-0.20","Aucun mode ne permet l’accès",5487,0.0862735849056604,0.00360488427191544,0,0,0,1.82248952068526e-05,0
"floor-low__car-0.05__bike-0.30","La voiture ouvre l’accès",54925,0.863600628930818,0.935803368229404,1,0.176931634046427,0,0.234757760582613,0
"floor-low__car-0.05__bike-0.30","Accès à pied ou en TC possible",2872,0.0451572327044025,0.995041782729805,1,0.914025069637883,0.94,0.981190807799443,0.99
"floor-low__car-0.05__bike-0.30","Le vélo compense",316,0.0049685534591195,0.974651898734177,1,0.463449367088608,0.53,0.970126582278481,0.98
"floor-low__car-0.05__bike-0.30","Aucun mode ne permet l’accès",5487,0.0862735849056604,0.00360488427191544,0,0,0,1.82248952068526e-05,0
"floor-low__car-0.10__bike-0.05","La voiture ouvre l’accès",52334,0.822861635220126,0.94332498949058,1,0.157758436198265,0,0.211202850919097,0
"floor-low__car-0.10__bike-0.05","Accès à pied ou en TC possible",2759,0.0433805031446541,0.796984414642987,1,0.746317506342878,0.94,0.762185574483509,0.97
"floor-low__car-0.10__bike-0.05","Le vélo compense",3020,0.0474842767295598,0.992682119205298,1,0.719960264900662,0.79,0.947897350993377,0.95
"floor-low__car-0.10__bike-0.05","Aucun mode ne permet l’accès",5487,0.0862735849056604,0.00360488427191544,0,0,0,1.82248952068526e-05,0
"floor-low__car-0.10__bike-0.10","La voiture ouvre l’accès",52334,0.822861635220126,0.94332498949058,1,0.157758436198265,0,0.211202850919097,0
"floor-low__car-0.10__bike-0.10","Accès à pied ou en TC possible",3741,0.0588207547169811,0.849770114942529,1,0.78193531141406,0.92,0.812788024592355,0.97
"floor-low__car-0.10__bike-0.10","Le vélo compense",2038,0.0320440251572327,0.990083415112856,1,0.641879293424926,0.72,0.944494602551521,0.95
"floor-low__car-0.10__bike-0.10","Aucun mode ne permet l’accès",5487,0.0862735849056604,0.00360488427191544,0,0,0,1.82248952068526e-05,0
"floor-low__car-0.10__bike-0.20","La voiture ouvre l’accès",52334,0.822861635220126,0.94332498949058,1,0.157758436198265,0,0.211202850919097,0
"floor-low__car-0.10__bike-0.20","Accès à pied ou en TC possible",4596,0.0722641509433962,0.876527415143603,1,0.785041340295909,0.9,0.837935161009574,0.97
"floor-low__car-0.10__bike-0.20","Le vélo compense",1183,0.0186006289308176,0.987540152155537,1,0.528588334742181,0.61,0.941986475063398,0.95
"floor-low__car-0.10__bike-0.20","Aucun mode ne permet l’accès",5487,0.0862735849056604,0.00360488427191544,0,0,0,1.82248952068526e-05,0
"floor-low__car-0.10__bike-0.30","La voiture ouvre l’accès",52334,0.822861635220126,0.94332498949058,1,0.157758436198265,0,0.211202850919097,0
"floor-low__car-0.10__bike-0.30","Accès à pied ou en TC possible",5064,0.079622641509434,0.886611374407583,1,0.776534360189573,0.88,0.847251184834123,0.96
"floor-low__car-0.10__bike-0.30","Le vélo compense",715,0.0112421383647799,0.988783216783217,1,0.420979020979021,0.48,0.944111888111888,0.95
"floor-low__car-0.10__bike-0.30","Aucun mode ne permet l’accès",5487,0.0862735849056604,0.00360488427191544,0,0,0,1.82248952068526e-05,0
"floor-low__car-0.20__bike-0.05","La voiture ouvre l’accès",48272,0.758993710691824,0.954069232681472,1,0.126413241630759,0,0.173071967185946,0
"floor-low__car-0.20__bike-0.05","Accès à pied ou en TC possible",4573,0.0719025157232704,0.714638093155478,1,0.618941613820249,0.85,0.634377870107151,0.88
"floor-low__car-0.20__bike-0.05","Le vélo compense",5268,0.0828301886792453,0.995041761579347,1,0.675182232346241,0.74,0.904151480637813,0.91
"floor-low__car-0.20__bike-0.05","Aucun mode ne permet l’accès",5487,0.0862735849056604,0.00360488427191544,0,0,0,1.82248952068526e-05,0
"floor-low__car-0.20__bike-0.10","La voiture ouvre l’accès",48272,0.758993710691824,0.954069232681472,1,0.126413241630759,0,0.173071967185946,0
"floor-low__car-0.20__bike-0.10","Accès à pied ou en TC possible",6347,0.0997955974842767,0.793847487001733,1,0.678878210178037,0.84,0.7104001890657,0.89
"floor-low__car-0.20__bike-0.10","Le vélo compense",3494,0.054937106918239,0.993523182598741,1,0.594859759587865,0.66,0.9030251860332,0.91
"floor-low__car-0.20__bike-0.10","Aucun mode ne permet l’accès",5487,0.0862735849056604,0.00360488427191544,0,0,0,1.82248952068526e-05,0
"floor-low__car-0.20__bike-0.20","La voiture ouvre l’accès",48272,0.758993710691824,0.954069232681472,1,0.126413241630759,0,0.173071967185946,0
"floor-low__car-0.20__bike-0.20","Accès à pied ou en TC possible",7762,0.122044025157233,0.830468951301211,1,0.693327750579747,0.82,0.746159494975522,0.9
"floor-low__car-0.20__bike-0.20","Le vélo compense",2079,0.032688679245283,0.992698412698413,1,0.483727753727754,0.54,0.900620490620491,0.91
"floor-low__car-0.20__bike-0.20","Aucun mode ne permet l’accès",5487,0.0862735849056604,0.00360488427191544,0,0,0,1.82248952068526e-05,0
"floor-low__car-0.20__bike-0.30","La voiture ouvre l’accès",48272,0.758993710691824,0.954069232681472,1,0.126413241630759,0,0.173071967185946,0
"floor-low__car-0.20__bike-0.30","Accès à pied ou en TC possible",8535,0.134198113207547,0.845034563561804,1,0.690111306385472,0.81,0.760355008787346,0.9
"floor-low__car-0.20__bike-0.30","Le vélo compense",1306,0.0205345911949686,0.993529862174579,1,0.380689127105666,0.43,0.89927258805513,0.9
"floor-low__car-0.20__bike-0.30","Aucun mode ne permet l’accès",5487,0.0862735849056604,0.00360488427191544,0,0,0,1.82248952068526e-05,0
"floor-low__car-0.30__bike-0.05","La voiture ouvre l’accès",44480,0.69937106918239,0.960883992805755,1,0.0950107913669065,0,0.134482464028777,0
"floor-low__car-0.30__bike-0.05","Accès à pied ou en TC possible",6121,0.0962421383647799,0.709665087404019,1,0.571161574906061,0.77,0.586840385557915,0.8
"floor-low__car-0.30__bike-0.05","Le vélo compense",7512,0.11811320754717,0.995842651757188,1,0.634629925452609,0.68,0.857931309904153,0.86
"floor-low__car-0.30__bike-0.05","Aucun mode ne permet l’accès",5487,0.0862735849056604,0.00360488427191544,0,0,0,1.82248952068526e-05,0
"floor-low__car-0.30__bike-0.10","La voiture ouvre l’accès",44480,0.69937106918239,0.960883992805755,1,0.0950107913669065,0,0.134482464028777,0
"floor-low__car-0.30__bike-0.10","Accès à pied ou en TC possible",8758,0.137704402515723,0.79644667732359,1,0.63496460379082,0.78,0.667862525690797,0.82
"floor-low__car-0.30__bike-0.10","Le vélo compense",4875,0.0766509433962264,0.994738461538462,1,0.554338461538462,0.61,0.859013333333333,0.87
"floor-low__car-0.30__bike-0.10","Aucun mode ne permet l’accès",5487,0.0862735849056604,0.00360488427191544,0,0,0,1.82248952068526e-05,0
"floor-low__car-0.30__bike-0.20","La voiture ouvre l’accès",44480,0.69937106918239,0.960883992805755,1,0.0950107913669065,0,0.134482464028777,0
"floor-low__car-0.30__bike-0.20","Accès à pied ou en TC possible",10794,0.169716981132075,0.834093014637762,1,0.649377431906615,0.76,0.703863257365203,0.83
"floor-low__car-0.30__bike-0.20","Le vélo compense",2839,0.0446383647798742,0.993811201127157,1,0.441718915110955,0.49,0.859221556886228,0.87
"floor-low__car-0.30__bike-0.20","Aucun mode ne permet l’accès",5487,0.0862735849056604,0.00360488427191544,0,0,0,1.82248952068526e-05,0
"floor-low__car-0.30__bike-0.30","La voiture ouvre l’accès",44480,0.69937106918239,0.960883992805755,1,0.0950107913669065,0,0.134482464028777,0
"floor-low__car-0.30__bike-0.30","Accès à pied ou en TC possible",11815,0.185770440251572,0.847794329242488,1,0.646838764282691,0.74,0.717765552264071,0.84
"floor-low__car-0.30__bike-0.30","Le vélo compense",1818,0.0285849056603774,0.994466446644664,1,0.341595159515952,0.37,0.856122112211221,0.86
"floor-low__car-0.30__bike-0.30","Aucun mode ne permet l’accès",5487,0.0862735849056604,0.00360488427191544,0,0,0,1.82248952068526e-05,0
"floor-moderate__car-0.05__bike-0.05","La voiture ouvre l’accès",54329,0.854229559748428,0.945326437077804,1,0.178872609471921,0,0.237332732058385,0
"floor-moderate__car-0.05__bike-0.05","Accès à pied ou en TC possible",1667,0.0262106918238994,0.999460107978404,1,0.969496100779844,0.97,0.987846430713857,1
"floor-moderate__car-0.05__bike-0.05","Le vélo compense",1519,0.0238836477987421,0.987221856484529,1,0.760618828176432,0.83,0.972804476629361,0.98
"floor-moderate__car-0.05__bike-0.05","Aucun mode ne permet l’accès",6085,0.0956761006289308,0.00989317995069844,0,0,0,3.7797863599014e-05,0
"floor-moderate__car-0.05__bike-0.10","La voiture ouvre l’accès",54329,0.854229559748428,0.945326437077804,1,0.178872609471921,0,0.237332732058385,0
"floor-moderate__car-0.05__bike-0.10","Accès à pied ou en TC possible",2208,0.0347169811320755,0.999592391304348,1,0.954728260869565,0.96,0.986634963768116,0.99
"floor-moderate__car-0.05__bike-0.10","Le vélo compense",978,0.015377358490566,0.980153374233129,1,0.678415132924335,0.76,0.96721881390593,0.98
"floor-moderate__car-0.05__bike-0.10","Aucun mode ne permet l’accès",6085,0.0956761006289308,0.00989317995069844,0,0,0,3.7797863599014e-05,0
"floor-moderate__car-0.05__bike-0.20","La voiture ouvre l’accès",54329,0.854229559748428,0.945326437077804,1,0.178872609471921,0,0.237332732058385,0
"floor-moderate__car-0.05__bike-0.20","Accès à pied ou en TC possible",2644,0.0415723270440252,0.997889561270802,1,0.932435703479576,0.95,0.984118759455371,0.99
"floor-moderate__car-0.05__bike-0.20","Le vélo compense",542,0.00852201257861635,0.972822878228782,1,0.564889298892989,0.64,0.963874538745387,0.98
"floor-moderate__car-0.05__bike-0.20","Aucun mode ne permet l’accès",6085,0.0956761006289308,0.00989317995069844,0,0,0,3.7797863599014e-05,0
"floor-moderate__car-0.05__bike-0.30","La voiture ouvre l’accès",54329,0.854229559748428,0.945326437077804,1,0.178872609471921,0,0.237332732058385,0
"floor-moderate__car-0.05__bike-0.30","Accès à pied ou en TC possible",2870,0.045125786163522,0.995714285714286,1,0.914662020905923,0.94,0.981836236933798,0.99
"floor-moderate__car-0.05__bike-0.30","Le vélo compense",316,0.0049685534591195,0.974651898734177,1,0.463449367088608,0.53,0.970126582278481,0.98
"floor-moderate__car-0.05__bike-0.30","Aucun mode ne permet l’accès",6085,0.0956761006289308,0.00989317995069844,0,0,0,3.7797863599014e-05,0
"floor-moderate__car-0.10__bike-0.05","La voiture ouvre l’accès",52334,0.822861635220126,0.94332498949058,1,0.157758436198265,0,0.211202850919097,0
"floor-moderate__car-0.10__bike-0.05","Accès à pied ou en TC possible",2163,0.0340094339622641,0.99795191863153,1,0.951960240406842,0.96,0.972214516874711,0.98
"floor-moderate__car-0.10__bike-0.05","Le vélo compense",3018,0.0474528301886792,0.993303512259775,1,0.720437375745527,0.79,0.948472498343274,0.95
"floor-moderate__car-0.10__bike-0.05","Aucun mode ne permet l’accès",6085,0.0956761006289308,0.00989317995069844,0,0,0,3.7797863599014e-05,0
"floor-moderate__car-0.10__bike-0.10","La voiture ouvre l’accès",52334,0.822861635220126,0.94332498949058,1,0.157758436198265,0,0.211202850919097,0
"floor-moderate__car-0.10__bike-0.10","Accès à pied ou en TC possible",3143,0.0494182389937107,0.99859051861279,1,0.930709513203945,0.94,0.96739102768056,0.98
"floor-moderate__car-0.10__bike-0.10","Le vélo compense",2038,0.0320440251572327,0.990083415112856,1,0.641879293424926,0.72,0.944494602551521,0.95
"floor-moderate__car-0.10__bike-0.10","Aucun mode ne permet l’accès",6085,0.0956761006289308,0.00989317995069844,0,0,0,3.7797863599014e-05,0
"floor-moderate__car-0.10__bike-0.20","La voiture ouvre l’accès",52334,0.822861635220126,0.94332498949058,1,0.157758436198265,0,0.211202850919097,0
"floor-moderate__car-0.10__bike-0.20","Accès à pied ou en TC possible",3998,0.0628616352201258,0.99752376188094,1,0.902463731865933,0.91,0.963236618309155,0.97
"floor-moderate__car-0.10__bike-0.20","Le vélo compense",1183,0.0186006289308176,0.987540152155537,1,0.528588334742181,0.61,0.941986475063398,0.95
"floor-moderate__car-0.10__bike-0.20","Aucun mode ne permet l’accès",6085,0.0956761006289308,0.00989317995069844,0,0,0,3.7797863599014e-05,0
"floor-moderate__car-0.10__bike-0.30","La voiture ouvre l’accès",52334,0.822861635220126,0.94332498949058,1,0.157758436198265,0,0.211202850919097,0
"floor-moderate__car-0.10__bike-0.30","Accès à pied ou en TC possible",4466,0.0702201257861635,0.99627854903717,1,0.88051276309897,0.9,0.960669502910882,0.97
"floor-moderate__car-0.10__bike-0.30","Le vélo compense",715,0.0112421383647799,0.988783216783217,1,0.420979020979021,0.48,0.944111888111888,0.95
"floor-moderate__car-0.10__bike-0.30","Aucun mode ne permet l’accès",6085,0.0956761006289308,0.00989317995069844,0,0,0,3.7797863599014e-05,0
"floor-moderate__car-0.20__bike-0.05","La voiture ouvre l’accès",48272,0.758993710691824,0.954069232681472,1,0.126413241630759,0,0.173071967185946,0
"floor-moderate__car-0.20__bike-0.05","Accès à pied ou en TC possible",3979,0.062562893081761,0.811291781854737,1,0.711347072128676,0.89,0.729125408394069,0.92
"floor-moderate__car-0.20__bike-0.05","Le vélo compense",5264,0.0827672955974843,0.995700987841945,1,0.675689589665654,0.74,0.904779635258359,0.91
"floor-moderate__car-0.20__bike-0.05","Aucun mode ne permet l’accès",6085,0.0956761006289308,0.00989317995069844,0,0,0,3.7797863599014e-05,0
"floor-moderate__car-0.20__bike-0.10","La voiture ouvre l’accès",48272,0.758993710691824,0.954069232681472,1,0.126413241630759,0,0.173071967185946,0
"floor-moderate__car-0.20__bike-0.10","Accès à pied ou en TC possible",5749,0.0903930817610063,0.869391198469299,1,0.749493825013046,0.86,0.784272047312576,0.91
"floor-moderate__car-0.20__bike-0.10","Le vélo compense",3494,0.054937106918239,0.993523182598741,1,0.594859759587865,0.66,0.9030251860332,0.91
"floor-moderate__car-0.20__bike-0.10","Aucun mode ne permet l’accès",6085,0.0956761006289308,0.00989317995069844,0,0,0,3.7797863599014e-05,0
"floor-moderate__car-0.20__bike-0.20","La voiture ouvre l’accès",48272,0.758993710691824,0.954069232681472,1,0.126413241630759,0,0.173071967185946,0
"floor-moderate__car-0.20__bike-0.20","Accès à pied ou en TC possible",7164,0.112641509433962,0.894148520379676,1,0.751201842546064,0.83,0.808425460636516,0.91
"floor-moderate__car-0.20__bike-0.20","Le vélo compense",2079,0.032688679245283,0.992698412698413,1,0.483727753727754,0.54,0.900620490620491,0.91
"floor-moderate__car-0.20__bike-0.20","Aucun mode ne permet l’accès",6085,0.0956761006289308,0.00989317995069844,0,0,0,3.7797863599014e-05,0
"floor-moderate__car-0.20__bike-0.30","La voiture ouvre l’accès",48272,0.758993710691824,0.954069232681472,1,0.126413241630759,0,0.173071967185946,0
"floor-moderate__car-0.20__bike-0.30","Accès à pied ou en TC possible",7937,0.124795597484277,0.903609676200076,1,0.742106589391458,0.82,0.817626307168956,0.91
"floor-moderate__car-0.20__bike-0.30","Le vélo compense",1306,0.0205345911949686,0.993529862174579,1,0.380689127105666,0.43,0.89927258805513,0.9
"floor-moderate__car-0.20__bike-0.30","Aucun mode ne permet l’accès",6085,0.0956761006289308,0.00989317995069844,0,0,0,3.7797863599014e-05,0
"floor-moderate__car-0.30__bike-0.05","La voiture ouvre l’accès",44480,0.69937106918239,0.960883992805755,1,0.0950107913669065,0,0.134482464028777,0
"floor-moderate__car-0.30__bike-0.05","Accès à pied ou en TC possible",5530,0.0869496855345912,0.778455696202532,1,0.632207956600362,0.8,0.649620253164557,0.83
"floor-moderate__car-0.30__bike-0.05","Le vélo compense",7505,0.118003144654088,0.996582278481013,1,0.635217854763491,0.68,0.858667554963358,0.86
"floor-moderate__car-0.30__bike-0.05","Aucun mode ne permet l’accès",6085,0.0956761006289308,0.00989317995069844,0,0,0,3.7797863599014e-05,0
"floor-moderate__car-0.30__bike-0.10","La voiture ouvre l’accès",44480,0.69937106918239,0.960883992805755,1,0.0950107913669065,0,0.134482464028777,0
"floor-moderate__car-0.30__bike-0.10","Accès à pied ou en TC possible",8160,0.128301886792453,0.849860294117647,1,0.681497549019608,0.79,0.716790441176471,0.84
"floor-moderate__car-0.30__bike-0.10","Le vélo compense",4875,0.0766509433962264,0.994738461538462,1,0.554338461538462,0.61,0.859013333333333,0.87
"floor-moderate__car-0.30__bike-0.10","Aucun mode ne permet l’accès",6085,0.0956761006289308,0.00989317995069844,0,0,0,3.7797863599014e-05,0
"floor-moderate__car-0.30__bike-0.20","La voiture ouvre l’accès",44480,0.69937106918239,0.960883992805755,1,0.0950107913669065,0,0.134482464028777,0
"floor-moderate__car-0.30__bike-0.20","Accès à pied ou en TC possible",10196,0.160314465408805,0.87904864652805,1,0.687463711259317,0.77,0.745132404864653,0.85
"floor-moderate__car-0.30__bike-0.20","Le vélo compense",2839,0.0446383647798742,0.993811201127157,1,0.441718915110955,0.49,0.859221556886228,0.87
"floor-moderate__car-0.30__bike-0.20","Aucun mode ne permet l’accès",6085,0.0956761006289308,0.00989317995069844,0,0,0,3.7797863599014e-05,0
"floor-moderate__car-0.30__bike-0.30","La voiture ouvre l’accès",44480,0.69937106918239,0.960883992805755,1,0.0950107913669065,0,0.134482464028777,0
"floor-moderate__car-0.30__bike-0.30","Accès à pied ou en TC possible",11217,0.176367924528302,0.889388428278506,1,0.681322991887314,0.75,0.756019434786485,0.85
"floor-moderate__car-0.30__bike-0.30","Le vélo compense",1818,0.0285849056603774,0.994466446644664,1,0.341595159515952,0.37,0.856122112211221,0.86
"floor-moderate__car-0.30__bike-0.30","Aucun mode ne permet l’accès",6085,0.0956761006289308,0.00989317995069844,0,0,0,3.7797863599014e-05,0
"floor-permissive__car-0.05__bike-0.05","La voiture ouvre l’accès",54925,0.863600628930818,0.935803368229404,1,0.176931634046427,0,0.234757760582613,0
"floor-permissive__car-0.05__bike-0.05","Accès à pied ou en TC possible",2583,0.0406132075471698,0.652663569492838,1,0.625687185443283,0.95,0.637549361207898,0.98
"floor-permissive__car-0.05__bike-0.05","Le vélo compense",1521,0.0239150943396226,0.985996055226824,1,0.759618671926364,0.83,0.971630506245891,0.98
"floor-permissive__car-0.05__bike-0.05","Aucun mode ne permet l’accès",4571,0.0718710691823899,0,0,0,0,0,0
"floor-permissive__car-0.05__bike-0.10","La voiture ouvre l’accès",54925,0.863600628930818,0.935803368229404,1,0.176931634046427,0,0.234757760582613,0
"floor-permissive__car-0.05__bike-0.10","Accès à pied ou en TC possible",3126,0.0491509433962264,0.712392834293026,1,0.674357005758157,0.93,0.696960972488804,0.98
"floor-permissive__car-0.05__bike-0.10","Le vélo compense",978,0.015377358490566,0.980153374233129,1,0.678415132924335,0.76,0.96721881390593,0.98
"floor-permissive__car-0.05__bike-0.10","Aucun mode ne permet l’accès",4571,0.0718710691823899,0,0,0,0,0,0
"floor-permissive__car-0.05__bike-0.20","La voiture ouvre l’accès",54925,0.863600628930818,0.935803368229404,1,0.176931634046427,0,0.234757760582613,0
"floor-permissive__car-0.05__bike-0.20","Accès à pied ou en TC possible",3562,0.0560062893081761,0.746282987085907,1,0.692128017967434,0.92,0.730550252667041,0.98
"floor-permissive__car-0.05__bike-0.20","Le vélo compense",542,0.00852201257861635,0.972822878228782,1,0.564889298892989,0.64,0.963874538745387,0.98
"floor-permissive__car-0.05__bike-0.20","Aucun mode ne permet l’accès",4571,0.0718710691823899,0,0,0,0,0,0
"floor-permissive__car-0.05__bike-0.30","La voiture ouvre l’accès",54925,0.863600628930818,0.935803368229404,1,0.176931634046427,0,0.234757760582613,0
"floor-permissive__car-0.05__bike-0.30","Accès à pied ou en TC possible",3788,0.059559748427673,0.759646251319958,1,0.692998944033791,0.91,0.743949313621964,0.98
"floor-permissive__car-0.05__bike-0.30","Le vélo compense",316,0.0049685534591195,0.974651898734177,1,0.463449367088608,0.53,0.970126582278481,0.98
"floor-permissive__car-0.05__bike-0.30","Aucun mode ne permet l’accès",4571,0.0718710691823899,0,0,0,0,0,0
"floor-permissive__car-0.10__bike-0.05","La voiture ouvre l’accès",52334,0.822861635220126,0.94332498949058,1,0.157758436198265,0,0.211202850919097,0
"floor-permissive__car-0.10__bike-0.05","Accès à pied ou en TC possible",3675,0.0577830188679245,0.603717006802721,1,0.560296598639456,0.91,0.572236734693878,0.94
"floor-permissive__car-0.10__bike-0.05","Le vélo compense",3020,0.0474842767295598,0.992682119205298,1,0.719960264900662,0.79,0.947897350993377,0.95
"floor-permissive__car-0.10__bike-0.05","Aucun mode ne permet l’accès",4571,0.0718710691823899,0,0,0,0,0,0
"floor-permissive__car-0.10__bike-0.10","La voiture ouvre l’accès",52334,0.822861635220126,0.94332498949058,1,0.157758436198265,0,0.211202850919097,0
"floor-permissive__car-0.10__bike-0.10","Accès à pied ou en TC possible",4657,0.0732232704402516,0.686873523727722,1,0.628133991840241,0.9,0.652939660725789,0.95
"floor-permissive__car-0.10__bike-0.10","Le vélo compense",2038,0.0320440251572327,0.990083415112856,1,0.641879293424926,0.72,0.944494602551521,0.95
"floor-permissive__car-0.10__bike-0.10","Aucun mode ne permet l’accès",4571,0.0718710691823899,0,0,0,0,0,0
"floor-permissive__car-0.10__bike-0.20","La voiture ouvre l’accès",52334,0.822861635220126,0.94332498949058,1,0.157758436198265,0,0.211202850919097,0
"floor-permissive__car-0.10__bike-0.20","Accès à pied ou en TC possible",5512,0.0866666666666667,0.734452104499274,1,0.65458091436865,0.87,0.698702830188679,0.95
"floor-permissive__car-0.10__bike-0.20","Le vélo compense",1183,0.0186006289308176,0.987540152155537,1,0.528588334742181,0.61,0.941986475063398,0.95
"floor-permissive__car-0.10__bike-0.20","Aucun mode ne permet l’accès",4571,0.0718710691823899,0,0,0,0,0,0
"floor-permissive__car-0.10__bike-0.30","La voiture ouvre l’accès",52334,0.822861635220126,0.94332498949058,1,0.157758436198265,0,0.211202850919097,0
"floor-permissive__car-0.10__bike-0.30","Accès à pied ou en TC possible",5980,0.0940251572327044,0.754110367892977,1,0.657586956521739,0.86,0.717488294314381,0.95
"floor-permissive__car-0.10__bike-0.30","Le vélo compense",715,0.0112421383647799,0.988783216783217,1,0.420979020979021,0.48,0.944111888111888,0.95
"floor-permissive__car-0.10__bike-0.30","Aucun mode ne permet l’accès",4571,0.0718710691823899,0,0,0,0,0,0
"floor-permissive__car-0.20__bike-0.05","La voiture ouvre l’accès",48272,0.758993710691824,0.954069232681472,1,0.126413241630759,0,0.173071967185946,0
"floor-permissive__car-0.20__bike-0.05","Accès à pied ou en TC possible",5489,0.0863050314465409,0.598983421388231,1,0.51565312443068,0.8,0.528531608671889,0.83
"floor-permissive__car-0.20__bike-0.05","Le vélo compense",5268,0.0828301886792453,0.995041761579347,1,0.675182232346241,0.74,0.904151480637813,0.91
"floor-permissive__car-0.20__bike-0.05","Aucun mode ne permet l’accès",4571,0.0718710691823899,0,0,0,0,0,0
"floor-permissive__car-0.20__bike-0.10","La voiture ouvre l’accès",48272,0.758993710691824,0.954069232681472,1,0.126413241630759,0,0.173071967185946,0
"floor-permissive__car-0.20__bike-0.10","Accès à pied ou en TC possible",7263,0.114198113207547,0.696451879388682,1,0.593258983890954,0.82,0.620819220707697,0.87
"floor-permissive__car-0.20__bike-0.10","Le vélo compense",3494,0.054937106918239,0.993523182598741,1,0.594859759587865,0.66,0.9030251860332,0.91
"floor-permissive__car-0.20__bike-0.10","Aucun mode ne permet l’accès",4571,0.0718710691823899,0,0,0,0,0,0
"floor-permissive__car-0.20__bike-0.20","La voiture ouvre l’accès",48272,0.758993710691824,0.954069232681472,1,0.126413241630759,0,0.173071967185946,0
"floor-permissive__car-0.20__bike-0.20","Accès à pied ou en TC possible",8678,0.136446540880503,0.745088730122148,1,0.620144042406084,0.8,0.667410693708228,0.88
"floor-permissive__car-0.20__bike-0.20","Le vélo compense",2079,0.032688679245283,0.992698412698413,1,0.483727753727754,0.54,0.900620490620491,0.91
"floor-permissive__car-0.20__bike-0.20","Aucun mode ne permet l’accès",4571,0.0718710691823899,0,0,0,0,0,0
"floor-permissive__car-0.20__bike-0.30","La voiture ouvre l’accès",48272,0.758993710691824,0.954069232681472,1,0.126413241630759,0,0.173071967185946,0
"floor-permissive__car-0.20__bike-0.30","Accès à pied ou en TC possible",9451,0.148600628930818,0.76522590202095,1,0.623225055549677,0.79,0.686671251719395,0.89
"floor-permissive__car-0.20__bike-0.30","Le vélo compense",1306,0.0205345911949686,0.993529862174579,1,0.380689127105666,0.43,0.89927258805513,0.9
"floor-permissive__car-0.20__bike-0.30","Aucun mode ne permet l’accès",4571,0.0718710691823899,0,0,0,0,0,0
"floor-permissive__car-0.30__bike-0.05","La voiture ouvre l’accès",44480,0.69937106918239,0.960883992805755,1,0.0950107913669065,0,0.134482464028777,0
"floor-permissive__car-0.30__bike-0.05","Accès à pied ou en TC possible",7037,0.11064465408805,0.620099474207759,1,0.496813983231491,0.73,0.510466107716356,0.75
"floor-permissive__car-0.30__bike-0.05","Le vélo compense",7512,0.11811320754717,0.995842651757188,1,0.634629925452609,0.68,0.857931309904153,0.86
"floor-permissive__car-0.30__bike-0.05","Aucun mode ne permet l’accès",4571,0.0718710691823899,0,0,0,0,0,0
"floor-permissive__car-0.30__bike-0.10","La voiture ouvre l’accès",44480,0.69937106918239,0.960883992805755,1,0.0950107913669065,0,0.134482464028777,0
"floor-permissive__car-0.30__bike-0.10","Accès à pied ou en TC possible",9674,0.152106918238994,0.723078354351871,1,0.574841844118255,0.75,0.604635104403556,0.8
"floor-permissive__car-0.30__bike-0.10","Le vélo compense",4875,0.0766509433962264,0.994738461538462,1,0.554338461538462,0.61,0.859013333333333,0.87
"floor-permissive__car-0.30__bike-0.10","Aucun mode ne permet l’accès",4571,0.0718710691823899,0,0,0,0,0,0
"floor-permissive__car-0.30__bike-0.20","La voiture ouvre l’accès",44480,0.69937106918239,0.960883992805755,1,0.0950107913669065,0,0.134482464028777,0
"floor-permissive__car-0.30__bike-0.20","Accès à pied ou en TC possible",11710,0.184119496855346,0.770536293766012,1,0.598580700256191,0.74,0.648812980358668,0.81
"floor-permissive__car-0.30__bike-0.20","Le vélo compense",2839,0.0446383647798742,0.993811201127157,1,0.441718915110955,0.49,0.859221556886228,0.87
"floor-permissive__car-0.30__bike-0.20","Aucun mode ne permet l’accès",4571,0.0718710691823899,0,0,0,0,0,0
"floor-permissive__car-0.30__bike-0.30","La voiture ouvre l’accès",44480,0.69937106918239,0.960883992805755,1,0.0950107913669065,0,0.134482464028777,0
"floor-permissive__car-0.30__bike-0.30","Accès à pied ou en TC possible",12731,0.200172955974843,0.788348912104312,1,0.600298484015396,0.73,0.666129919095122,0.82
"floor-permissive__car-0.30__bike-0.30","Le vélo compense",1818,0.0285849056603774,0.994466446644664,1,0.341595159515952,0.37,0.856122112211221,0.86
"floor-permissive__car-0.30__bike-0.30","Aucun mode ne permet l’accès",4571,0.0718710691823899,0,0,0,0,0,0
"floor-strict__car-0.05__bike-0.05","La voiture ouvre l’accès",53460,0.840566037735849,0.95840834268612,1,0.181780209502432,0,0.241185746352413,0
"floor-strict__car-0.05__bike-0.05","Accès à pied ou en TC possible",1666,0.0261949685534591,1,1,0.970078031212485,0.97,0.988397358943577,1
"floor-strict__car-0.05__bike-0.05","Le vélo compense",1515,0.0238207547169811,0.989782178217822,1,0.762627062706271,0.83,0.974950495049505,0.98
"floor-strict__car-0.05__bike-0.05","Aucun mode ne permet l’accès",6959,0.109418238993711,0.0262250323322316,0,0,0,0.000172438568759879,0
"floor-strict__car-0.05__bike-0.10","La voiture ouvre l’accès",53460,0.840566037735849,0.95840834268612,1,0.181780209502432,0,0.241185746352413,0
"floor-strict__car-0.05__bike-0.10","Accès à pied ou en TC possible",2207,0.0347012578616352,1,1,0.95516085183507,0.96,0.987050294517445,0.99
"floor-strict__car-0.05__bike-0.10","Le vélo compense",974,0.015314465408805,0.984106776180698,1,0.681201232032854,0.76,0.970533880903491,0.98
"floor-strict__car-0.05__bike-0.10","Aucun mode ne permet l’accès",6959,0.109418238993711,0.0262250323322316,0,0,0,0.000172438568759879,0
"floor-strict__car-0.05__bike-0.20","La voiture ouvre l’accès",53460,0.840566037735849,0.95840834268612,1,0.181780209502432,0,0.241185746352413,0
"floor-strict__car-0.05__bike-0.20","Accès à pied ou en TC possible",2639,0.0414937106918239,0.999715801439939,1,0.934202349374763,0.95,0.985714285714286,0.99
"floor-strict__car-0.05__bike-0.20","Le vélo compense",542,0.00852201257861635,0.972822878228782,1,0.564889298892989,0.64,0.963874538745387,0.98
"floor-strict__car-0.05__bike-0.20","Aucun mode ne permet l’accès",6959,0.109418238993711,0.0262250323322316,0,0,0,0.000172438568759879,0
"floor-strict__car-0.05__bike-0.30","La voiture ouvre l’accès",53460,0.840566037735849,0.95840834268612,1,0.181780209502432,0,0.241185746352413,0
"floor-strict__car-0.05__bike-0.30","Accès à pied ou en TC possible",2865,0.0450471698113208,0.997392670157068,1,0.916258289703316,0.94,0.983301919720768,0.99
"floor-strict__car-0.05__bike-0.30","Le vélo compense",316,0.0049685534591195,0.974651898734177,1,0.463449367088608,0.53,0.970126582278481,0.98
"floor-strict__car-0.05__bike-0.30","Aucun mode ne permet l’accès",6959,0.109418238993711,0.0262250323322316,0,0,0,0.000172438568759879,0
"floor-strict__car-0.10__bike-0.05","La voiture ouvre l’accès",51469,0.809261006289308,0.956814976004974,1,0.160409761215489,0,0.214749460840506,0
"floor-strict__car-0.10__bike-0.05","Accès à pied ou en TC possible",2159,0.0339465408805031,0.999634089856415,1,0.953723946271422,0.96,0.973992589161649,0.98
"floor-strict__car-0.10__bike-0.05","Le vélo compense",3013,0.047374213836478,0.994858944573515,1,0.721632923996017,0.79,0.949790906073681,0.95
"floor-strict__car-0.10__bike-0.05","Aucun mode ne permet l’accès",6959,0.109418238993711,0.0262250323322316,0,0,0,0.000172438568759879,0
"floor-strict__car-0.10__bike-0.10","La voiture ouvre l’accès",51469,0.809261006289308,0.956814976004974,1,0.160409761215489,0,0.214749460840506,0
"floor-strict__car-0.10__bike-0.10","Accès à pied ou en TC possible",3139,0.0493553459119497,0.999748327492832,1,0.931895508123606,0.94,0.968607836890729,0.98
"floor-strict__car-0.10__bike-0.10","Le vélo compense",2033,0.0319654088050314,0.992380718150516,1,0.643457943925234,0.72,0.946438760452533,0.95
"floor-strict__car-0.10__bike-0.10","Aucun mode ne permet l’accès",6959,0.109418238993711,0.0262250323322316,0,0,0,0.000172438568759879,0
"floor-strict__car-0.10__bike-0.20","La voiture ouvre l’accès",51469,0.809261006289308,0.956814976004974,1,0.160409761215489,0,0.214749460840506,0
"floor-strict__car-0.10__bike-0.20","Accès à pied ou en TC possible",3989,0.0627201257861635,0.999613938330409,1,0.904499874655302,0.92,0.965204311857608,0.97
"floor-strict__car-0.10__bike-0.20","Le vélo compense",1183,0.0186006289308176,0.987540152155537,1,0.528588334742181,0.61,0.941986475063398,0.95
"floor-strict__car-0.10__bike-0.20","Aucun mode ne permet l’accès",6959,0.109418238993711,0.0262250323322316,0,0,0,0.000172438568759879,0
"floor-strict__car-0.10__bike-0.30","La voiture ouvre l’accès",51469,0.809261006289308,0.956814976004974,1,0.160409761215489,0,0.214749460840506,0
"floor-strict__car-0.10__bike-0.30","Accès à pied ou en TC possible",4457,0.0700786163522013,0.998146735472291,1,0.882290778550595,0.9,0.962425398249944,0.97
"floor-strict__car-0.10__bike-0.30","Le vélo compense",715,0.0112421383647799,0.988783216783217,1,0.420979020979021,0.48,0.944111888111888,0.95
"floor-strict__car-0.10__bike-0.30","Aucun mode ne permet l’accès",6959,0.109418238993711,0.0262250323322316,0,0,0,0.000172438568759879,0
"floor-strict__car-0.20__bike-0.05","La voiture ouvre l’accès",48272,0.758993710691824,0.954069232681472,1,0.126413241630759,0,0.173071967185946,0
"floor-strict__car-0.20__bike-0.05","Accès à pied ou en TC possible",3112,0.0489308176100629,0.99827763496144,1,0.909534061696658,0.93,0.932275064267352,0.96
"floor-strict__car-0.20__bike-0.05","Le vélo compense",5257,0.0826572327044025,0.996872741107095,1,0.676585505040898,0.74,0.905790374738444,0.91
"floor-strict__car-0.20__bike-0.05","Aucun mode ne permet l’accès",6959,0.109418238993711,0.0262250323322316,0,0,0,0.000172438568759879,0
"floor-strict__car-0.20__bike-0.10","La voiture ouvre l’accès",48272,0.758993710691824,0.954069232681472,1,0.126413241630759,0,0.173071967185946,0
"floor-strict__car-0.20__bike-0.10","Accès à pied ou en TC possible",4882,0.0767610062893082,0.998902089307661,1,0.882601392871774,0.89,0.923562064727571,0.94
"floor-strict__car-0.20__bike-0.10","Le vélo compense",3487,0.0548270440251572,0.995285345569257,1,0.596048178950387,0.66,0.904545454545455,0.91
"floor-strict__car-0.20__bike-0.10","Aucun mode ne permet l’accès",6959,0.109418238993711,0.0262250323322316,0,0,0,0.000172438568759879,0
"floor-strict__car-0.20__bike-0.20","La voiture ouvre l’accès",48272,0.758993710691824,0.954069232681472,1,0.126413241630759,0,0.173071967185946,0
"floor-strict__car-0.20__bike-0.20","Accès à pied ou en TC possible",6290,0.0988993710691824,0.998947535771065,1,0.855581875993641,0.86,0.920602543720191,0.93
"floor-strict__car-0.20__bike-0.20","Le vélo compense",2079,0.032688679245283,0.992698412698413,1,0.483727753727754,0.54,0.900620490620491,0.91
"floor-strict__car-0.20__bike-0.20","Aucun mode ne permet l’accès",6959,0.109418238993711,0.0262250323322316,0,0,0,0.000172438568759879,0
"floor-strict__car-0.20__bike-0.30","La voiture ouvre l’accès",48272,0.758993710691824,0.954069232681472,1,0.126413241630759,0,0.173071967185946,0
"floor-strict__car-0.20__bike-0.30","Accès à pied ou en TC possible",7063,0.111053459119497,0.998109868327906,1,0.833937420359621,0.84,0.918664873283307,0.93
"floor-strict__car-0.20__bike-0.30","Le vélo compense",1306,0.0205345911949686,0.993529862174579,1,0.380689127105666,0.43,0.89927258805513,0.9
"floor-strict__car-0.20__bike-0.30","Aucun mode ne permet l’accès",6959,0.109418238993711,0.0262250323322316,0,0,0,0.000172438568759879,0
"floor-strict__car-0.30__bike-0.05","La voiture ouvre l’accès",44480,0.69937106918239,0.960883992805755,1,0.0950107913669065,0,0.134482464028777,0
"floor-strict__car-0.30__bike-0.05","Accès à pied ou en TC possible",4664,0.0733333333333333,0.897034734133791,1,0.749599056603774,0.85,0.770276586620926,0.87
"floor-strict__car-0.30__bike-0.05","Le vélo compense",7497,0.117877358490566,0.997484327064159,1,0.635893023876217,0.68,0.859431772709084,0.87
"floor-strict__car-0.30__bike-0.05","Aucun mode ne permet l’accès",6959,0.109418238993711,0.0262250323322316,0,0,0,0.000172438568759879,0
"floor-strict__car-0.30__bike-0.10","La voiture ouvre l’accès",44480,0.69937106918239,0.960883992805755,1,0.0950107913669065,0,0.134482464028777,0
"floor-strict__car-0.30__bike-0.10","Accès à pied ou en TC possible",7294,0.114685534591195,0.934160954208939,1,0.762412942144228,0.81,0.801916643816836,0.87
"floor-strict__car-0.30__bike-0.10","Le vélo compense",4867,0.0765251572327044,0.996124922950483,1,0.555245531128005,0.61,0.860191082802548,0.87
"floor-strict__car-0.30__bike-0.10","Aucun mode ne permet l’accès",6959,0.109418238993711,0.0262250323322316,0,0,0,0.000172438568759879,0
"floor-strict__car-0.30__bike-0.20","La voiture ouvre l’accès",44480,0.69937106918239,0.960883992805755,1,0.0950107913669065,0,0.134482464028777,0
"floor-strict__car-0.30__bike-0.20","Accès à pied ou en TC possible",9322,0.146572327044025,0.948345848530358,1,0.751918043338339,0.79,0.814889508689122,0.87
"floor-strict__car-0.30__bike-0.20","Le vélo compense",2839,0.0446383647798742,0.993811201127157,1,0.441718915110955,0.49,0.859221556886228,0.87
"floor-strict__car-0.30__bike-0.20","Aucun mode ne permet l’accès",6959,0.109418238993711,0.0262250323322316,0,0,0,0.000172438568759879,0
"floor-strict__car-0.30__bike-0.30","La voiture ouvre l’accès",44480,0.69937106918239,0.960883992805755,1,0.0950107913669065,0,0.134482464028777,0
"floor-strict__car-0.30__bike-0.30","Accès à pied ou en TC possible",10343,0.162625786163522,0.952718746978633,1,0.738895871603983,0.77,0.819810499854974,0.87
"floor-strict__car-0.30__bike-0.30","Le vélo compense",1818,0.0285849056603774,0.994466446644664,1,0.341595159515952,0.37,0.856122112211221,0.86
"floor-strict__car-0.30__bike-0.30","Aucun mode ne permet l’accès",6959,0.109418238993711,0.0262250323322316,0,0,0,0.000172438568759879,0
