"TYPEQU","LIB_TYPEQU"
"A104","GENDARMERIE"
"A105","COUR D’APPEL"
"A108","CONSEIL DE PRUD’HOMMES"
"A109","TRIBUNAL DE COMMERCE"
"A120","DIRECTION RÉGIONALE DES FINANCES PUBLIQUES"
"A121","DIRECTION DÉPARTEMENTALE DES FINANCES PUBLIQUES"
"A122","RÉSEAU DE PROXIMITÉ FRANCE TRAVAIL"
"A124","MAISON DE JUSTICE ET DU DROIT"
"A125","ANTENNE DE JUSTICE"
"A126","CONSEIL DÉPARTEMENTAL D’ACCÈS AU DROIT"
"A128","FRANCE SERVICES"
"A129","MAIRIE"
"A130","BUREAU D’AIDE JURIDICTIONNELLE"
"A131","TRIBUNAL JUDICIAIRE"
"A132","TRIBUNAL DE PROXIMITÉ"
"A133","DÉCHÈTERIE"
"A134","COUR CRIMINELLE DEPARTEMENTALE"
"A135","COUR D'ASSISES"
"A136","JURIDICTION ADMINISTRATIVE"
"A137","TRIBUNAL CORRECTIONNEL"
"A138","TRIBUNAL DE POLICE"
"A139","TRIBUNAL POUR ENFANTS"
"A140","POLICE"
"A203","BANQUE, CAISSE D’ÉPARGNE"
"A205","SERVICES FUNÉRAIRES"
"A206","BUREAU DE POSTE"
"A207","RELAIS POSTE"
"A208","AGENCE POSTALE"
"A301","RÉPARATION AUTOMOBILE ET DE MATÉRIEL AGRICOLE"
"A302","CONTRÔLE TECHNIQUE AUTOMOBILE"
"A303","LOCATION AUTO-UTILITAIRES LÉGERS"
"A304","ÉCOLE DE CONDUITE"
"A401","MAÇON"
"A402","PLÂTRIER PEINTRE"
"A403","MENUISIER CHARPENTIER SERRURIER"
"A404","PLOMBIER COUVREUR CHAUFFAGISTE"
"A405","ÉLECTRICIEN"
"A406","ENTREPRISE GÉNÉRALE DU BÂTIMENT"
"A501","COIFFURE"
"A502","VÉTÉRINAIRE"
"A503","AGENCE DE TRAVAIL TEMPORAIRE"
"A504","RESTAURANT- RESTAURATION RAPIDE"
"A505","AGENCE IMMOBILIÈRE"
"A506","PRESSING-LAVERIE AUTOMATIQUE"
"A507","INSTITUT DE BEAUTÉ-ONGLERIE"
"B103","GRANDE SURFACE DE BRICOLAGE"
"B104","HYPERMARCHÉ ET GRAND MAGASIN"
"B105","SUPERMARCHÉ ET MAGASIN MULTI-COMMERCE"
"B201","SUPÉRETTE"
"B202","ÉPICERIE"
"B204","BOUCHERIE CHARCUTERIE"
"B205","PRODUITS SURGELÉS"
"B206","POISSONNERIE"
"B207","BOULANGERIE-PÂTISSERIE"
"B208","COMMERCE SPÉCIALISÉ EN FRUITS ET LÉGUMES"
"B209","COMMERCE DE BOISSONS"
"B210","AUTRES COMMERCES ALIMENTAIRES"
"B302","MAGASIN DE VÊTEMENTS"
"B303","MAGASIN D’ÉQUIPEMENTS DU FOYER"
"B304","MAGASIN DE CHAUSSURES"
"B306","MAGASIN DE MEUBLES"
"B307","MAGASIN D’ARTICLES DE SPORTS ET DE LOISIRS"
"B308","MAGASIN DE REVÊTEMENTS MURS ET SOLS"
"B309","DROGUERIE QUINCAILLERIE BRICOLAGE"
"B310","PARFUMERIE-COSMÉTIQUE"
"B311","HORLOGERIE-BIJOUTERIE"
"B312","FLEURISTE-JARDINERIE-ANIMALERIE"
"B313","MAGASIN D’OPTIQUE"
"B315","MAGASIN DE MATÉRIEL MÉDICAL ET ORTHOPÉDIQUE"
"B316","STATION-SERVICE"
"B317","COMMERCE DE TISSUS ET MERCERIE"
"B318","COMMERCE DE JEUX ET JOUETS"
"B319","MAROQUINERIE ET ARTICLES DE VOYAGE"
"B320","COMMERCE DE COMBUSTIBLES DOMESTIQUES"
"B321","MAGASIN ÉLECTROMÉNAGER, MATÉRIEL AUDIO VIDÉO INFORMATIQUE"
"B322","MAGASIN DE MATÉRIELS DE TÉLÉCOMMUNICATION"
"B323","COMMERCE DE BIENS D’OCCASION"
"B324","LIBRAIRIE"
"B325","PAPETERIE ET PRESSE"
"B326","STATION DE RECHARGE DE VÉHICULES ÉLECTRIQUES"
"C107","ÉCOLE MATERNELLE"
"C108","ÉCOLE PRIMAIRE"
"C109","ÉCOLE ÉLÉMENTAIRE"
"C201","COLLÈGE"
"C301","LYCÉE D’ENSEIGNEMENT GÉNÉRAL ET/OU TECHNOLOGIQUE"
"C302","LYCÉE D’ENSEIGNEMENT PROFESSIONNEL"
"C303","LYCÉE D’ENSEIGNEMENT TECHNIQUE ET/OU PROFESSIONNEL AGRICOLE"
"C304","SGT SECTION D’ENSEIGNEMENT GÉNÉRAL ET TECHNOLOGIQUE"
"C305","SEP SECTION D’ENSEIGNEMENT PROFESSIONNEL"
"C401","STS SECTION TECHNICIEN SUPÉRIEUR, CPGE CLASSE PRÉPARATOIRE AUX GRANDES ÉCOLES"
"C403","FORMATION COMMERCE"
"C409","AUTRE FORMATION POST BAC NON UNIVERSITAIRE"
"C410","ÉCOLE DE FORMATION AUX PROFESSIONS SANITAIRES ET SOCIALES"
"C411","ÉCOLE DE FORMATION AUX MÉTIERS DE LA CULTURE"
"C501","UFR"
"C502","INSTITUT UNIVERSITAIRE"
"C503","ÉCOLE D’INGÉNIEURS"
"C504","ENSEIGNEMENT GÉNÉRAL SUPÉRIEUR PRIVÉ"
"C505","ÉCOLE D’ENSEIGNEMENT SUPÉRIEUR AGRICOLE"
"C509","AUTRE ENSEIGNEMENT SUPÉRIEUR"
"C602","GRETA"
"C603","CENTRE DISPENSANT DE LA FORMATION CONTINUE AGRICOLE"
"C604","FORMATION AUX MÉTIERS DU SPORT"
"C610","ORGANISME DE FORMATION EN APPRENTISSAGE"
"C701","RÉSIDENCE UNIVERSITAIRE"
"C702","RESTAURANT UNIVERSITAIRE"
"D101","ÉTABLISSEMENT DE SOINS DE COURTE DURÉE"
"D102","ÉTABLISSEMENT DE SOINS DE SUITE ET DE RÉADAPTATION"
"D103","ÉTABLISSEMENT DE SOINS DE LONGUE DURÉE"
"D104","ÉTABLISSEMENT PSYCHIATRIQUE"
"D105","CENTRE DE LUTTE CONTRE LE CANCER"
"D106","URGENCES"
"D107","MATERNITÉ"
"D108","CENTRE DE SANTÉ"
"D109","STRUCTURE PSYCHIATRIQUE EN AMBULATOIRE"
"D110","CENTRE DE MÉDECINE PRÉVENTIVE"
"D111","DIALYSE"
"D112","HOSPITALISATION À DOMICILE"
"D113","MAISON DE SANTÉ PLURIDISCIPLINAIRE"
"D114","SERVICE DE PRISE EN CHARGE DES ADDICTIONS"
"D115","SERVICES DE SANTÉ MATERNELLE ET INFANTILE"
"D245","PROFESSIONNELS DE L’APPAREILLAGE"
"D246","AUDIOPROTHESISTE"
"D247","ERGOTHÉRAPEUTE"
"D248","PSYCHOMOTRICIEN"
"D249","DIÉTÉTICIEN"
"D250","PSYCHOLOGUE"
"D251","ALLERGOLOGUE"
"D252","ANESTHÉSISTE-RÉANIMATEUR"
"D253","SPÉCIALISTE EN CHIRURGIE GÉNÉRALE"
"D254","SPÉCIALISTE EN CHIRURGIE ORTHOPÉDIQUE, PLASTIQUE ET TRAUMATOLOGIQUE"
"D255","ENDOCRINOLOGUE"
"D256","GÉRIATRE"
"D257","HÉMATOLOGUE"
"D258","SPÉCIALISTE EN MÉDECINE PHYSIQUE ET DE RÉADAPTATION"
"D259","NEUROLOGUE"
"D260","SPÉCIALISTE EN ONCOLOGIE, ANATOMIE ET CYTOLOGIE PATHOLOGIQUES"
"D261","RHUMATOLOGUE"
"D262","UROLOGUE, NÉPHROLOGUE"
"D265","MÉDECIN GÉNÉRALISTE"
"D266","SPÉCIALISTE EN CARDIOLOGIE"
"D267","SPÉCIALISTE EN DERMATOLOGIE VÉNÉRÉOLOGIE"
"D268","SPÉCIALISTE EN GASTRO-ENTÉROLOGIE HÉPATOLOGIE"
"D269","SPÉCIALISTE EN PSYCHIATRIE"
"D270","SPÉCIALISTE EN OPHTALMOLOGIE"
"D271","SPÉCIALISTE EN OTO-RHINO-LARYNGOLOGIE"
"D272","SPÉCIALISTE EN PÉDIATRIE"
"D273","SPÉCIALISTE EN PNEUMOLOGIE"
"D274","SPÉCIALISTE EN RADIODIAGNOSTIC ET IMAGERIE MÉDICALE"
"D275","SPÉCIALISTE EN STOMATOLOGIE"
"D276","SPÉCIALISTE EN GYNÉCOLOGIE MÉDICALE ET/OU OBSTÉTRIQUE"
"D277","CHIRURGIEN DENTISTE"
"D278","SAGE-FEMME"
"D279","MASSEUR KINÉSITHÉRAPEUTE"
"D280","PÉDICURE-PODOLOGUE"
"D281","INFIRMIER"
"D282","ORTHOPHONISTE"
"D283","ORTHOPTISTE"
"D302","LABORATOIRE D ANALYSES ET DE BIOLOGIE MÉDICALE"
"D303","AMBULANCE"
"D304","TRANSFUSION SANGUINE"
"D305","ÉTABLISSEMENT THERMAL"
"D307","PHARMACIE"
"D401","PERSONNES ÂGÉES : HÉBERGEMENT"
"D402","PERSONNES ÂGÉES : SOINS À DOMICILE"
"D403","PERSONNES ÂGÉES : SERVICES D’AIDE"
"D502","ÉTABLISSEMENT D’ACCUEIL DU JEUNE ENFANT"
"D503","LIEUX D'ACCUEIL ENFANT-PARENT"
"D504","RELAIS PETITE ENFANCE"
"D505","ACCUEIL DE LOISIR SANS HÉBERGEMENT"
"D506","CENTRES SOCIAUX"
"D507","MÉDIATION FAMILIALE"
"D508","ESPACES DE VIE SOCIALE"
"D509","MICRO-CRECHE"
"D601","ENFANTS HANDICAPÉS : HÉBERGEMENT"
"D602","ENFANTS HANDICAPÉS : SERVICES À DOMICILE OU AMBULATOIRES"
"D603","ADULTES HANDICAPÉS : ACCUEIL/HÉBERGEMENT"
"D604","ADULTES HANDICAPÉS : SERVICES D’AIDE"
"D605","TRAVAIL PROTÉGÉ"
"D606","ADULTES HANDICAPÉS : SERVICES DE SOINS À DOMICILE"
"D607","SERVICE D’AIDE AUX DÉFICIENTS VISUELS OU AUDITIFS"
"D701","PROTECTION DE L’ENFANCE : HÉBERGEMENT"
"D702","PROTECTION DE L’ENFANCE : ACTION ÉDUCATIVE"
"D703","CENTRE D’HÉBERGEMENT ET DE RÉINSERTION SOCIALE"
"D704","CENTRE PROVISOIRE D’HÉBERGEMENT"
"D705","CENTRE D'ACCUEIL DE DEMANDEURS D’ASILE"
"D710","AUTRES HÉBERGEMENTS POUR ADULTES ET FAMILLES EN DIFFICULTÉ "
"D711","SERVICE D’AIDE AUX FEMMES EN SITUATION DE VULNÉRABILITÉ"
"E101","TAXI-VTC"
"E102","AÉROPORT"
"E107","GARE DE VOYAGEURS D’INTÉRÊT NATIONAL"
"E108","GARE DE VOYAGEURS D’INTÉRÊT RÉGIONAL"
"E109","GARE DE VOYAGEURS D’INTÉRÊT LOCAL"
"F101","BASSIN DE NATATION"
"F102","BOULODROME"
"F103","TENNIS"
"F105","DOMAINE SKIABLE"
"F106","CENTRE ÉQUESTRE"
"F107","ATHLÉTISME"
"F108","TERRAIN DE GOLF"
"F109","PARCOURS SPORTIF/SANTÉ"
"F110","SPORTS DE GLACE"
"F111","PLATEAUX ET TERRAINS DE JEUX EXTÉRIEURS"
"F113","TERRAINS DE GRANDS JEUX"
"F114","SALLES DE COMBAT"
"F116","SALLES NON SPÉCIALISÉES"
"F118","SPORTS NAUTIQUES"
"F119","BOWLING"
"F120","SALLES DE REMISE EN FORME"
"F121","SALLES MULTISPORTS, GYMNASES"
"F122","CIRCUIT / PISTE DE SPORTS MÉCANIQUES"
"F123","MUR ET FRONTON"
"F124","PAS DE TIR"
"F125","SITE D'ACTIVITÉS AÉRIENNES"
"F126","SITE DE MODÉLISME"
"F127","STRUCTURE ARTIFICIELLE D’ESCALADE"
"F128","ÉQUIPEMENTS DE CYCLISME"
"F129","SALLES SPÉCIALISÉES"
"F130","SKATEPARK & VÉLO-FREESTYLE"
"F201","BAIGNADE AMÉNAGÉE"
"F202","PORT DE PLAISANCE – MOUILLAGE"
"F203","BOUCLE DE RANDONNÉE ET PARCOURS DE COURSE D’ORIENTATION"
"F204","ÉQUIPEMENTS DE SPORTS DE NATURE"
"F303","CINÉMA"
"F305","CONSERVATOIRE"
"F307","BIBLIOTHÈQUE"
"F312","EXPOSITION ET MÉDIATION CULTURELLE"
"F313","ESPACE REMARQUABLE ET PATRIMOINE"
"F314","ARCHIVES"
"F315","ARTS DU SPECTACLE"
"G101","AGENCE DE VOYAGE"
"G102","HÔTEL"
"G103","CAMPING"
"G104","INFORMATION TOURISTIQUE"
"G105","AUTRES HÉBERGEMENTS COLLECTIFS TOURISTIQUES"
