"activity_id","activity","nace_code","flag","cepa_crema_class"
1,"Organic agricultural, that is to say, plant and livestock","01.1","v","4"
1,"Organic agricultural, that is to say, plant and livestock","01.2","v","4"
1,"Organic agricultural, that is to say, plant and livestock","01.4","v","4"
1,"Organic agricultural, that is to say, plant and livestock","01.61","v","4"
1,"Organic agricultural, that is to say, plant and livestock","01.62","v","4"
2,"Organic aquaculture activities and supporting services","03.2","v","4"
3,"Activities related to fuel wood, including pellets, wood gas and other wood production when complying with sustaibability measures","02.20","v","13A"
3,"Activities related to fuel wood, including pellets, wood gas and other wood production when complying with sustaibability measures","16.10","v","13A"
4,"Silvicultural services and supporting services for forestry","02.10","h","11A"
4,"Silvicultural services and supporting services for forestry","02.40","h","11A"
5,"Rehabilitation of mining sites","09","v","6"
5,"Rehabilitation of mining sites","39","v","6"
6,"Capturing drainage water to prevent groundwater contamination","09","v","4"
6,"Capturing drainage water to prevent groundwater contamination","39","v","4"
7,"Manufacutre of machinery for silviculture","28.30","v","11A"
8,"Manufacture of electric and more resource-efficient transport equipment","28.30","v","1"
8,"Manufacture of electric and more resource-efficient transport equipment","28.92","v","1"
8,"Manufacture of electric and more resource-efficient transport equipment","29.10","v","1"
8,"Manufacture of electric and more resource-efficient transport equipment","30.11","v","1"
8,"Manufacture of electric and more resource-efficient transport equipment","30.12","v","1"
9,"Manufacture of exhaust pipes and their parts, including also particles filters","29.32","v","1"
9,"Manufacture of exhaust pipes and their parts, including also particles filters","30.91","v","1"
10,"Activities related to infrastructure for the operation of electric vehicles such as charging stations","27.12","v","1"
10,"Activities related to infrastructure for the operation of electric vehicles such as charging stations","27.90","v","1"
11,"Manufacture of electric vehicles components","27.11","v","1"
11,"Manufacture of electric vehicles components","27.20","v","1"
11,"Manufacture of electric vehicles components","27.90","v","1"
11,"Manufacture of electric vehicles components","29.31","v","1"
12,"Manufacture of instruments, machinery and apparatus for analysis, filtering or purification of solid, liquid or gaseous pollutants","26.51","v","1,2,3"
12,"Manufacture of instruments, machinery and apparatus for analysis, filtering or purification of solid, liquid or gaseous pollutants","28.25","v","1,2,3"
12,"Manufacture of instruments, machinery and apparatus for analysis, filtering or purification of solid, liquid or gaseous pollutants","28.29","v","1,2,3"
13,"Manufacture of lime products for the purpose of environmental protection","23.52","v","1,2,4"
14,"Manufacture of septic tanks","22.23","v","2"
14,"Manufacture of septic tanks","25.29","v","2"
15,"Manufacture of perforated buckets and similar articles used to filter water at the entrance to drains","22.29","v","2"
15,"Manufacture of perforated buckets and similar articles used to filter water at the entrance to drains","25.99","v","2"
16,"Manufacture of pumps for use in wastewater treatment","28.13","v","2"
17,"Manufacture of vehicles for wastewater collection and sewer cleaning","29.10","v","2"
18,"Manufacture of other specific equipment for wastewater treatment","Not available","v","2"
19,"Manufacture of activated carbon for purifying liquids and gases","20.59","v","1,2,4"
20,"Manufacture of tubes and pipes for wastewater treatment plants as well as for water management","22.21","v","2,10"
20,"Manufacture of tubes and pipes for wastewater treatment plants as well as for water management","23.61","v","2,10"
20,"Manufacture of tubes and pipes for wastewater treatment plants as well as for water management","24.2","v","2,10"
20,"Manufacture of tubes and pipes for wastewater treatment plants as well as for water management","24.44","v","2,10"
20,"Manufacture of tubes and pipes for wastewater treatment plants as well as for water management","24.51","v","2,10"
21,"Construction of cooling towers and instruments, machinery and apparatus for the treatment of cooling water","28.29","v","2"
21,"Construction of cooling towers and instruments, machinery and apparatus for the treatment of cooling water","42.99","v","2"
21,"Construction of cooling towers and instruments, machinery and apparatus for the treatment of cooling water","71.12","v","2"
22,"Manufacture of sacks and bags for replacing plastic bags","13.92","v","13C"
22,"Manufacture of sacks and bags for replacing plastic bags","17.21","v","13C"
23,"Manufacture of bio-plastic products","22.2","v","13C"
24,"Manufacture of bins, boxes, sacks and bags for storing and transporting waste","22.22","v","3"
25,"Manufacture of equipment and machinery for waste collection, treatment and disposal: Incinerators","28.21","v","3"
26,"Manufacture of equipment and machinery for waste collection, treatment and disposal: Trucks and vehicles for waste collection","29.10","v","3"
27,"Manufacture of equipment and machinery for waste collection, treatment and disposal: Machinery in waste treatment plants that is to say separators, classifiers, presses, sieves","28.22","v","3"
27,"Manufacture of equipment and machinery for waste collection, treatment and disposal: Machinery in waste treatment plants that is to say separators, classifiers, presses, sieves","28.29","v","3"
27,"Manufacture of equipment and machinery for waste collection, treatment and disposal: Machinery in waste treatment plants that is to say separators, classifiers, presses, sieves","28.9","v","3"
28,"Manufacture of containers for waste management, protection against particle radiation, water management and protection of climate and ambient air","22.29","v","1,3,7,10"
28,"Manufacture of containers for waste management, protection against particle radiation, water management and protection of climate and ambient air","25.29","v","1,3,7,10"
28,"Manufacture of containers for waste management, protection against particle radiation, water management and protection of climate and ambient air","25.92","v","1,3,7,10"
28,"Manufacture of containers for waste management, protection against particle radiation, water management and protection of climate and ambient air","25.99","v","1,3,7,10"
29,"Maintenance and repair activities for reducing water losses","33.12","v","10"
30,"Manufacture of specific equipment and installation services for the production of energy from renewable sources, except energy storage systems such as high-efficient wood-fired boilers and other appliances; solar panels and photovoltaic cells, hydraulic turbines and water wheels and wind turbines","26.11","v","13A"
30,"Manufacture of specific equipment and installation services for the production of energy from renewable sources, except energy storage systems such as high-efficient wood-fired boilers and other appliances; solar panels and photovoltaic cells, hydraulic turbines and water wheels and wind turbines","27.52","v","13A"
30,"Manufacture of specific equipment and installation services for the production of energy from renewable sources, except energy storage systems such as high-efficient wood-fired boilers and other appliances; solar panels and photovoltaic cells, hydraulic turbines and water wheels and wind turbines","28.11","v","13A"
30,"Manufacture of specific equipment and installation services for the production of energy from renewable sources, except energy storage systems such as high-efficient wood-fired boilers and other appliances; solar panels and photovoltaic cells, hydraulic turbines and water wheels and wind turbines","33.20","v","13A"
31,"Manufacture and installation of energy storage technologies, equipment, and installation: specific equipment associated with renewable energy, such as compressed air storage power stations, sensitive heat storage systems, latent heat storage systems, hydrogen storage and power-to-gas, such as storage of wind power in the form of hydrogen or methane","27.20","v","13A"
31,"Manufacture and installation of energy storage technologies, equipment, and installation: specific equipment associated with renewable energy, such as compressed air storage power stations, sensitive heat storage systems, latent heat storage systems, hydrogen storage and power-to-gas, such as storage of wind power in the form of hydrogen or methane","33.20","v","13A"
31,"Manufacture and installation of energy storage technologies, equipment, and installation: specific equipment associated with renewable energy, such as compressed air storage power stations, sensitive heat storage systems, latent heat storage systems, hydrogen storage and power-to-gas, such as storage of wind power in the form of hydrogen or methane","43.99","v","13A"
32,"Manufacture and installation of energy storage technologies, equipment, and installation: other equipment for energy storage","27.20","v","13B"
32,"Manufacture and installation of energy storage technologies, equipment, and installation: other equipment for energy storage","33.20","v","13B"
32,"Manufacture and installation of energy storage technologies, equipment, and installation: other equipment for energy storage","43.99","v","13B"
33,"Manufacture of biofuels","10.41","v","13A"
33,"Manufacture of biofuels","20.14","v","13A"
33,"Manufacture of biofuels","20.59","v","13A"
34,"Manufacture of cleaner chemical products: lubricants, paints and varnishes, soil conditioners, detergents and soaps, fertilizers and insecticides, glues and other adhesives free of solvents; and cosmetics","20.2","v","3,4,6"
34,"Manufacture of cleaner chemical products: lubricants, paints and varnishes, soil conditioners, detergents and soaps, fertilizers and insecticides, glues and other adhesives free of solvents; and cosmetics","20.3","v","3,4,6"
34,"Manufacture of cleaner chemical products: lubricants, paints and varnishes, soil conditioners, detergents and soaps, fertilizers and insecticides, glues and other adhesives free of solvents; and cosmetics","20.41","v","3,4,6"
34,"Manufacture of cleaner chemical products: lubricants, paints and varnishes, soil conditioners, detergents and soaps, fertilizers and insecticides, glues and other adhesives free of solvents; and cosmetics","20.42","v","3,4,6"
34,"Manufacture of cleaner chemical products: lubricants, paints and varnishes, soil conditioners, detergents and soaps, fertilizers and insecticides, glues and other adhesives free of solvents; and cosmetics","20.52","v","3,4,6"
34,"Manufacture of cleaner chemical products: lubricants, paints and varnishes, soil conditioners, detergents and soaps, fertilizers and insecticides, glues and other adhesives free of solvents; and cosmetics","20.53","v","3,4,6"
34,"Manufacture of cleaner chemical products: lubricants, paints and varnishes, soil conditioners, detergents and soaps, fertilizers and insecticides, glues and other adhesives free of solvents; and cosmetics","20.15","v","3,4,6"
35,"Manufacture of goods for thermal and noise insulation mainly in buildings such as cork products, doors and windows with the highest insulation power, insulation materials for facades, roofs and other elements of buildings such as materials made of glass fibre, rock wool, cellulose, polymers and polyurethane and other products such as autoclave cellular concrete","16.10","v","5,13B"
35,"Manufacture of goods for thermal and noise insulation mainly in buildings such as cork products, doors and windows with the highest insulation power, insulation materials for facades, roofs and other elements of buildings such as materials made of glass fibre, rock wool, cellulose, polymers and polyurethane and other products such as autoclave cellular concrete","17.24","v","5,13B"
35,"Manufacture of goods for thermal and noise insulation mainly in buildings such as cork products, doors and windows with the highest insulation power, insulation materials for facades, roofs and other elements of buildings such as materials made of glass fibre, rock wool, cellulose, polymers and polyurethane and other products such as autoclave cellular concrete","20.16","v","5,13B"
35,"Manufacture of goods for thermal and noise insulation mainly in buildings such as cork products, doors and windows with the highest insulation power, insulation materials for facades, roofs and other elements of buildings such as materials made of glass fibre, rock wool, cellulose, polymers and polyurethane and other products such as autoclave cellular concrete","22.21","v","5,13B"
35,"Manufacture of goods for thermal and noise insulation mainly in buildings such as cork products, doors and windows with the highest insulation power, insulation materials for facades, roofs and other elements of buildings such as materials made of glass fibre, rock wool, cellulose, polymers and polyurethane and other products such as autoclave cellular concrete","22.23","v","5,13B"
35,"Manufacture of goods for thermal and noise insulation mainly in buildings such as cork products, doors and windows with the highest insulation power, insulation materials for facades, roofs and other elements of buildings such as materials made of glass fibre, rock wool, cellulose, polymers and polyurethane and other products such as autoclave cellular concrete","23.12","v","5,13B"
35,"Manufacture of goods for thermal and noise insulation mainly in buildings such as cork products, doors and windows with the highest insulation power, insulation materials for facades, roofs and other elements of buildings such as materials made of glass fibre, rock wool, cellulose, polymers and polyurethane and other products such as autoclave cellular concrete","23.14","v","5,13B"
35,"Manufacture of goods for thermal and noise insulation mainly in buildings such as cork products, doors and windows with the highest insulation power, insulation materials for facades, roofs and other elements of buildings such as materials made of glass fibre, rock wool, cellulose, polymers and polyurethane and other products such as autoclave cellular concrete","23.61","v","5,13B"
35,"Manufacture of goods for thermal and noise insulation mainly in buildings such as cork products, doors and windows with the highest insulation power, insulation materials for facades, roofs and other elements of buildings such as materials made of glass fibre, rock wool, cellulose, polymers and polyurethane and other products such as autoclave cellular concrete","23.62","v","5,13B"
35,"Manufacture of goods for thermal and noise insulation mainly in buildings such as cork products, doors and windows with the highest insulation power, insulation materials for facades, roofs and other elements of buildings such as materials made of glass fibre, rock wool, cellulose, polymers and polyurethane and other products such as autoclave cellular concrete","23.99","v","5,13B"
35,"Manufacture of goods for thermal and noise insulation mainly in buildings such as cork products, doors and windows with the highest insulation power, insulation materials for facades, roofs and other elements of buildings such as materials made of glass fibre, rock wool, cellulose, polymers and polyurethane and other products such as autoclave cellular concrete","24.33","v","5,13B"
36,"Manufacture of specific equipment  for energy management such as thermostats for heating and cooling regulation, thermostatic valves, heat pumps, condensing boilers and solar water heaters","25.21","v","13B"
36,"Manufacture of specific equipment  for energy management such as thermostats for heating and cooling regulation, thermostatic valves, heat pumps, condensing boilers and solar water heaters","26.11","v","13B"
36,"Manufacture of specific equipment  for energy management such as thermostats for heating and cooling regulation, thermostatic valves, heat pumps, condensing boilers and solar water heaters","26.51","v","13B"
36,"Manufacture of specific equipment  for energy management such as thermostats for heating and cooling regulation, thermostatic valves, heat pumps, condensing boilers and solar water heaters","27.52","v","13B"
36,"Manufacture of specific equipment  for energy management such as thermostats for heating and cooling regulation, thermostatic valves, heat pumps, condensing boilers and solar water heaters","28.14","v","13B"
36,"Manufacture of specific equipment  for energy management such as thermostats for heating and cooling regulation, thermostatic valves, heat pumps, condensing boilers and solar water heaters","28.25","v","13B"
37,"Manufacture of instruments and apparatus for measuring or detecting ionising radiations","26.51","v","7"
38,"Manufacture of discharge lamps such as low pressure lamps, compact fluorescent lamps, LED lighting bulb  and the most efficient domestic appliances","26.11","v","13B"
38,"Manufacture of discharge lamps such as low pressure lamps, compact fluorescent lamps, LED lighting bulb  and the most efficient domestic appliances","27.40","v","13B"
38,"Manufacture of discharge lamps such as low pressure lamps, compact fluorescent lamps, LED lighting bulb  and the most efficient domestic appliances","27.51","v","13B"
39,"Manufacture of equipment for materials recovery","28.22","v","11B,13C,14"
39,"Manufacture of equipment for materials recovery","28.29","v","11B,13C,14"
39,"Manufacture of equipment for materials recovery","28.41","v","11B,13C,14"
39,"Manufacture of equipment for materials recovery","28.49","v","11B,13C,14"
39,"Manufacture of equipment for materials recovery","28.9","v","11B,13C,14"
40,"Maintenance, repair and installation activities for environmental goods; installation of heat pumps","33.1","v","1,2,3,4,5,6,7,8,9,10,11A,11B,12,13A,13B,13C,14,15,16"
40,"Maintenance, repair and installation activities for environmental goods; installation of heat pumps","33.2","v","1,2,3,4,5,6,7,8,9,10,11A,11B,12,13A,13B,13C,14,15,16"
40,"Maintenance, repair and installation activities for environmental goods; installation of heat pumps","43.22","v","1,2,3,4,5,6,7,8,9,10,11A,11B,12,13A,13B,13C,14,15,16"
41,"Production of electricity, gas and heat from renewable sources excluding pumped-storage hydropower (PSHP) generation and combined heat plants generation from non-biodegradable waste: wind, solar, hydropower, ocean energy and ocean biomass","35.11","v","13A"
41,"Production of electricity, gas and heat from renewable sources excluding pumped-storage hydropower (PSHP) generation and combined heat plants generation from non-biodegradable waste: wind, solar, hydropower, ocean energy and ocean biomass","35.21","v","13A"
41,"Production of electricity, gas and heat from renewable sources excluding pumped-storage hydropower (PSHP) generation and combined heat plants generation from non-biodegradable waste: wind, solar, hydropower, ocean energy and ocean biomass","35.30","v","13A"
42,"Electricity generation by PSHP, including installation and manufacturing of equipment","35.11","v","13B"
43,"Manufacture and installation of equipment for combined heat plants","25.30","v","13B"
43,"Manufacture and installation of equipment for combined heat plants","28.11","v","13B"
43,"Manufacture and installation of equipment for combined heat plants","42.22","v","13B"
44,"Desalination of water and collection of rainwater","36","v","10"
45,"Maintenance of water mains for reducing water losses","36","v","10"
46,"Sewerage services, such as collecting, transporting and treating wastewater; and operation, maintenance and cleaning of sewer systems","37","h","2"
47,"Collection, treatment and disposal of waste, both non-hazardous and hazardous without recovery","38.1","v","3"
47,"Collection, treatment and disposal of waste, both non-hazardous and hazardous without recovery","38.2","v","3"
48,"Energy recovery from waste incineration","38.21","v","2,13A,13B"
49,"Nuclear waste treatment and disposal services","38.22","v","7"
50,"Materials recovery services; and production of secondary raw materials","38.3","h","11B,13C,14"
51,"Remediation and clean-up services for soil, groundwater and surface water","39","v","4"
52,"Remediation and clean-up services for air","39","v","1"
53,"Other remediation and specialised pollution control services","39","v","1,2,3,4,5,6,7,8,9,10"
54,"Construction of new energy-efficient buildings (including passive houses) and low-energy refurbishment of existing buildings","16.23","v","13B"
54,"Construction of new energy-efficient buildings (including passive houses) and low-energy refurbishment of existing buildings","41.20","v","13B"
54,"Construction of new energy-efficient buildings (including passive houses) and low-energy refurbishment of existing buildings","43.21","v","13B"
54,"Construction of new energy-efficient buildings (including passive houses) and low-energy refurbishment of existing buildings","43.22","v","13B"
54,"Construction of new energy-efficient buildings (including passive houses) and low-energy refurbishment of existing buildings","43.29","v","13B"
54,"Construction of new energy-efficient buildings (including passive houses) and low-energy refurbishment of existing buildings","43.31","v","13B"
54,"Construction of new energy-efficient buildings (including passive houses) and low-energy refurbishment of existing buildings","43.32","v","13B"
54,"Construction of new energy-efficient buildings (including passive houses) and low-energy refurbishment of existing buildings","43.33","v","13B"
54,"Construction of new energy-efficient buildings (including passive houses) and low-energy refurbishment of existing buildings","43.91","v","13B"
54,"Construction of new energy-efficient buildings (including passive houses) and low-energy refurbishment of existing buildings","43.99","v","13B"
55,"Construction of bicycle roads and lanes","42.11","v","1"
56,"Repair of water networks","42.21","v","2,10"
57,"Construction work for wastewater and sewage systems","42.21","v","2"
58,"Construction work for waste treatment plants","42.99","v","3,7"
59,"Construction works for materials recovery plants and technical installations","42.99","v","11B,13C,14"
60,"Construction work for renewable energy power plants","42.22","v","13A,13B"
61,"Construction of systems for noise abatement, such as sound barriers and other infrastructure in motorways and railways; and manufacture of specific products incorporated in those systems, such as sound insulation screens and manufacture of other products contributing to noise abatement, such as less noisy asphalt, low-noise tyres, etc.","43.99","v","5"
61,"Construction of systems for noise abatement, such as sound barriers and other infrastructure in motorways and railways; and manufacture of specific products incorporated in those systems, such as sound insulation screens and manufacture of other products contributing to noise abatement, such as less noisy asphalt, low-noise tyres, etc.","71.12","v","5"
61,"Construction of systems for noise abatement, such as sound barriers and other infrastructure in motorways and railways; and manufacture of specific products incorporated in those systems, such as sound insulation screens and manufacture of other products contributing to noise abatement, such as less noisy asphalt, low-noise tyres, etc.","81.30","v","5"
62,"Installation of catchment for pollutant run-offs and leaks","41.20","v","4"
62,"Installation of catchment for pollutant run-offs and leaks","43","v","4"
63,"Construction of anti-erosion walls","81.30","v","4"
63,"Construction of anti-erosion walls","71.11","v","4"
63,"Construction of anti-erosion walls","43.12","v","4"
64,"Dissemination and information activities for the purpose of environmental protection and resource management: organisation of congresses, seminars, other similar events, etc.","82.30","v","1,2,3,4,5,6,7,8,9,10,11A,11B,12,13A,13B,13C,14,15,16"
64,"Dissemination and information activities for the purpose of environmental protection and resource management: organisation of congresses, seminars, other similar events, etc.","58.11","v","1,2,3,4,5,6,7,8,9,10,11A,11B,12,13A,13B,13C,14,15,16"
64,"Dissemination and information activities for the purpose of environmental protection and resource management: organisation of congresses, seminars, other similar events, etc.","58.13","v","1,2,3,4,5,6,7,8,9,10,11A,11B,12,13A,13B,13C,14,15,16"
64,"Dissemination and information activities for the purpose of environmental protection and resource management: organisation of congresses, seminars, other similar events, etc.","58.14","v","1,2,3,4,5,6,7,8,9,10,11A,11B,12,13A,13B,13C,14,15,16"
64,"Dissemination and information activities for the purpose of environmental protection and resource management: organisation of congresses, seminars, other similar events, etc.","59.1","v","1,2,3,4,5,6,7,8,9,10,11A,11B,12,13A,13B,13C,14,15,16"
64,"Dissemination and information activities for the purpose of environmental protection and resource management: organisation of congresses, seminars, other similar events, etc.","60","v","1,2,3,4,5,6,7,8,9,10,11A,11B,12,13A,13B,13C,14,15,16"
64,"Dissemination and information activities for the purpose of environmental protection and resource management: organisation of congresses, seminars, other similar events, etc.","61","v","1,2,3,4,5,6,7,8,9,10,11A,11B,12,13A,13B,13C,14,15,16"
64,"Dissemination and information activities for the purpose of environmental protection and resource management: organisation of congresses, seminars, other similar events, etc.","63.11","v","1,2,3,4,5,6,7,8,9,10,11A,11B,12,13A,13B,13C,14,15,16"
64,"Dissemination and information activities for the purpose of environmental protection and resource management: organisation of congresses, seminars, other similar events, etc.","63.9","v","1,2,3,4,5,6,7,8,9,10,11A,11B,12,13A,13B,13C,14,15,16"
65,"Software specifically developed for environmental protection or resource management","58.29","v","1,2,3,4,5,6,7,8,9,10,11A,11B,12,13A,13B,13C,14,15,16"
65,"Software specifically developed for environmental protection or resource management","62.01","v","1,2,3,4,5,6,7,8,9,10,11A,11B,12,13A,13B,13C,14,15,16"
65,"Software specifically developed for environmental protection or resource management","62.02","v","1,2,3,4,5,6,7,8,9,10,11A,11B,12,13A,13B,13C,14,15,16"
65,"Software specifically developed for environmental protection or resource management","62.03","v","1,2,3,4,5,6,7,8,9,10,11A,11B,12,13A,13B,13C,14,15,16"
65,"Software specifically developed for environmental protection or resource management","62.09","v","1,2,3,4,5,6,7,8,9,10,11A,11B,12,13A,13B,13C,14,15,16"
66,"Engineering and architectural activities for low energy consumption and passive buildings and low-energy refurbishment of existing buildings","71.11","v","13B"
66,"Engineering and architectural activities for low energy consumption and passive buildings and low-energy refurbishment of existing buildings","71.12","v","13B"
67,"Engineering and architectural activities for renewable energy projects","71.11","v","13A,13B"
67,"Engineering and architectural activities for renewable energy projects","71.12","v","13A,13B"
68,"Engineering and architectural activities for water and wastewater management projects","71.11","v","2,10"
68,"Engineering and architectural activities for water and wastewater management projects","71.12","v","2,10"
69,"Engineering and architectural activities for waste management projects","71.11","v","3,7"
69,"Engineering and architectural activities for waste management projects","71.12","v","3,7"
70,"Engineering services for remediation activities","71.12","v","1,2,3,4,5,6,7,8,9,10"
71,"Engineering and architectural activities for materials recovery projects","71.12","v","11B,13C,14"
72,"Technical inspection services activities for monitoring and prevention of pollution in all its forms: Analysis of gases emitted by domestic boilers","71.12","v","1"
73,"Technical inspection services activities for monitoring and prevention of pollution in all its forms: inspection of vehicles’ air emissions","71.20","v","1"
74,"Technical inspection services activities for monitoring and prevention of pollution in all its forms: Monitory services for air quality and other","71.20","v","1,2,3,4,5,6,7,8,9,10"
75,"R&D for environmental protection","72.1","v","8"
75,"R&D for environmental protection","72.2","v","8"
76,"R&D for resource management","72.1","v","15"
76,"R&D for resource management","72.2","v","15"
77,"Environmental consulting services","74.90","v","9,16"
78,"Public litter and collection of rubbish from the street","81.29","v","3"
79,"Administration services for environmental protection and resource management purposes","84.1","v","9,16"
80,"Training services in environmental protection and resource management","85.4","v","9,16"
80,"Training services in environmental protection and resource management","85.59","v","9,16"
80,"Training services in environmental protection and resource management","85.6","v","9,16"
81,"Environmental services furnished by membership organisation","94.99","v","1,2,3,4,5,6,7,8,9,10,11A,11B,12,13A,13B,13C,14,15,16"
82,"Nature reserve services including wildlife preservation","91.04","v","6"
