id,lat,lon
22001,48.310936,-2.873362
22002,48.491121,-2.56663
22003,48.456376,-2.130368
22004,48.630366,-3.300372
22005,48.543691,-3.395715
22006,48.695306,-3.315931
22008,48.4157774,-2.0656853
22009,48.322057,-2.934428
22011,48.483042,-2.960119
22012,48.573554,-2.43709
22013,48.473951,-3.188285
22014,48.484792,-2.260681
22015,48.403204,-2.577869
22016,48.843542,-3.001236
22018,48.6619254,-3.2204833
22019,48.576613,-3.003348
22020,48.317699,-2.261427
22021,48.391033,-2.127327
22023,48.428529,-3.329523
22024,48.436362,-3.480321
22025,48.404695,-3.428861
22026,48.408351,-2.02991
22027,48.059146,-2.612542
22028,48.776669,-3.30549
22029,48.338556,-3.105658
22030,48.70437,-3.375297
22031,48.367298,-3.5198501
22032,48.288483,-2.156018
22033,48.216164,-3.044152
22034,48.672395,-3.347873
22035,48.417554,-1.969861
22036,48.266166,-2.14453
22037,48.461694,-3.420498
22039,48.1317958,-2.6575105
22040,48.517713,-3.187542
22041,48.674042,-3.250791
22042,48.768558,-3.343729
22043,48.141504,-2.541436
22044,48.491486,-2.601251
22045,48.462006,-2.950737
22046,48.295348,-2.521477
22047,48.317936,-3.058484
22048,48.481324,-2.167387
22049,48.54519,-2.21415
22050,48.454276,-2.047325
22052,48.362069,-3.437254
22053,48.274746,-2.347214
22054,48.628563,-2.465603
22055,48.626807,-2.8349
22056,48.381415,-1.981231
22057,48.6831709,-3.0753449
22059,48.428852,-2.914729
22060,48.300361,-2.754714
22061,48.223083,-3.394637
22062,48.177563,-2.481152
22063,48.641754,-3.050621
22064,48.22643,-3.178475
22065,48.604503,-3.015929
22067,48.55683,-3.184714
22068,48.2682991028,-2.84245991707
22069,48.31813,-2.076033
22070,48.561217,-3.148497
22071,48.297182,-2.09498
22072,48.515846,-3.299223
22073,48.33565,-2.9616519
22074,48.321652,-3.057435
22075,48.160514,-2.830927
22076,48.56147,-2.379401
22077,48.5666007,-2.46528005
22079,48.384829,-2.68251
22081,48.513542,-2.667343
22082,48.3943657,-2.0826754
22083,48.14617,-2.347703
22084,48.409074,-2.321827
22085,48.828745,-3.183804
22086,48.7374000549,-3.02855992317
22087,48.310371,-3.317817
22088,48.390131,-3.21128
22090,48.772258,-3.372331
22091,48.621979,-3.207278
22092,48.377384,-3.134802
22093,48.4688355,-2.5171821
22094,48.60489,-2.15089
22095,48.637699,-3.205548
22096,48.511184,-2.3326098
22097,48.435881,-2.179482
22098,48.4293904,-2.539354
22099,48.351577,-2.913945
22101,48.751207,-3.281831
22103,48.5533,-2.003272
22104,48.389198,-2.211433
22105,48.511463,-2.126942
22106,48.4950538,-2.716969
22107,48.241694,-3.123368
22108,48.695018,-3.045724
22109,48.71371,-2.964327
22110,48.742403,-3.350849
22111,48.842234,-3.106741
22112,48.6580579,-3.009109
22113,48.7318941,-3.4580368
22114,48.2511,-2.29524
22115,48.347279,-3.214959
22116,48.517218,-3.031264
22117,48.6064109802,-2.88235402107
22118,48.455782,-2.028106
22119,48.620181,-3.539554
22121,48.6318,-2.985875
22122,48.199728,-2.534339
22124,48.160114,-3.244093
22126,48.42957,-2.966136
22127,48.786534,-3.105703
22128,48.32057,-3.42269
22129,48.516405,-3.409401
22131,48.522055,-3.486987
22132,48.459794,-3.521496
22133,48.179774,-2.243298
22134,48.794454,-3.412685
22135,48.566267,-3.339881
22136,48.176551,-2.752375
22137,48.2835998535,-3.42333006859
22138,48.394085,-3.296875
22139,48.396848,-3.187151
22140,48.396369,-2.495363
22141,48.706988,-3.294999
22143,48.594274,-2.288077
22144,48.499607,-2.83962
22145,48.374304,-2.248812
22146,48.1745329,-3.296608
22147,48.191171,-2.410901
22148,48.256861,-2.396125
22149,48.280464,-2.840732
22150,48.575808,-3.067614
22152,48.775226,-3.228563
22153,48.361545,-2.63149
22155,48.236148,-2.733681
22156,48.517836,-3.240133
22157,48.267001,-3.507902
22158,48.2013829,-2.9874545
22160,48.4466018677,-2.4846599102
22161,48.5563149,-3.183804
22162,48.7800561,-3.0493744
22163,48.2360655,-3.4435272
22164,48.597423,-3.270976
22165,48.429401,-2.539041
22166,48.812197,-3.297116
22168,48.815456,-3.444943
22169,48.361507,-3.274567
22170,48.446241,-2.855128
22171,48.4077,-2.818037
22172,48.521701,-2.235419
22174,48.608778,-2.3373179
22175,48.448764,-2.388104
22176,48.445694,-2.746176
22177,48.636491,-2.940529
22178,48.696385,-3.008625
22179,48.628332,-2.365192
22180,48.4336,-2.218563
22181,48.207117,-3.210457
22182,48.5564002991,-2.94661808014
22183,48.176737,-2.593643
22184,48.335918,-2.683014
22185,48.3636335,-2.4000321
22186,48.58498,-2.540941
22187,48.534787,-2.770376
22188,48.515499115,-2.8840200901
22189,48.448127,-3.121939
22190,48.532394,-2.056641
22193,48.423203,-2.446539
22194,48.654037,-3.631617
22195,48.842155,-3.139434
22196,48.768878,-3.142024
22197,48.5108064,-1.9519677
22198,48.7739545,-3.5172091
22199,48.804057,-3.157838
22200,48.5297012329,-2.26933002472
22201,48.654921,-2.331712
22202,48.2267673,-3.5034901
22203,48.3462982178,-2.75687003136
22204,48.714493,-3.204417
22205,48.479701,-2.297836
22206,48.536534,-2.998639
22207,48.611355,-3.473584
22208,48.300669,-2.006227
22209,48.579255,-2.139473
22210,48.802044,-3.029673
22211,48.7041015625,-3.44841003418
22212,48.6746959,-3.191019
22213,48.527938,-2.003645
22214,48.749842,-2.984117
22215,48.4888296,-2.7941282
22216,48.48513,-3.377983
22217,48.4613869,-3.5217988
22218,48.842234,-3.228307
22219,48.280908,-2.703871
22220,48.2383551,-3.253836
22221,48.7939207,-3.2356668
22222,48.675701,-2.931989
22223,48.5769004822,-3.18583011627
22224,48.718484,-3.504179
22225,48.54487,-3.131749
22226,48.67908,-3.523225
22227,48.566327,-3.543087
22228,48.556058,-3.443525
22229,48.290417,-3.231309
22231,48.416112,-3.545873
22232,48.6307983398,-2.87034010887
22233,48.744419,-3.06967
22234,48.508608,-2.915299
22235,48.643752,-3.545107
22236,48.666845,-2.982321
22237,48.5318301,-2.2683587
22238,48.60685,-3.57608
22239,48.357662,-2.124637
22240,48.255863,-2.238723
22241,48.101608,-2.580733
22242,48.62645,-2.401432
22243,48.385467,-3.483366
22244,48.282452,-3.070064
22245,48.64186,-3.371318
22246,48.462438,-2.625727
22248,48.620506,-3.090823
22249,48.460335,-3.306968
22250,48.697691,-3.161521
22251,48.569901,-2.817522
22254,48.6772689,-3.2979798
22255,48.181704,-2.635023
22256,48.7034988403,-3.10611009598
22257,48.724038,-3.322866
22258,48.42115,-2.658312
22259,48.465097,-2.08587
22260,48.2408519,-2.881461
22261,48.5407337,-2.4356224
22262,48.4033157,-2.9127113
22263,48.351039,-2.006858
22264,48.7475101,-3.263299
22265,48.730916,-3.383248
22266,48.23616,-3.320585
22267,48.309193,-2.365587
22268,48.54542,-2.34426
22269,48.6939769,-3.2163369
22271,48.488934,-3.131204
22272,48.559567,-3.105294
22273,48.5296353,-2.8020444
22274,48.371975,-2.008349
22275,48.137297,-2.703166
22276,48.37827,-2.970873
22277,48.3897973,-2.8701154
22278,48.513873,-2.764382
22279,48.191515,-2.849886
22280,48.415465,-2.065254
22281,48.397448,-2.732924
22282,48.6273002625,-2.26365995407
22283,48.664331,-3.133077
22284,48.417715,-3.063084
22285,48.177784,-2.920544
22286,48.528829,-2.401439
22287,48.470211,-2.883629
22288,48.103124,-2.647184
22289,48.376548,-2.847416
22291,48.422565,-3.003914
22293,48.545084,-3.5739716
22294,48.380787,-3.094381
22295,48.2559356,-3.0057869
22296,48.359368,-2.523708
22299,48.471349,-1.959193
22300,48.276239,-2.827133
22302,48.5974703,-2.1899374
22304,48.565689,-3.022244
22305,48.266916,-2.16142
22306,48.363397,-1.953637
22307,48.45243,-2.81661
22308,48.35292,-2.044687
22309,48.234036,-2.37499
22310,48.62011,-3.234016
22311,48.547391,-2.230686
22312,48.330659,-2.07522
22313,48.306861,-2.954714
22314,48.112576,-2.775175
22315,48.4394989014,-2.18181991577
22316,48.255551,-3.005743
22317,48.457297,-2.25019
22318,48.465249,-2.214439
22319,48.68468,3.565089
22320,48.3869739,-3.3448692
22321,48.314519,-3.163685
22322,48.481235,-3.101725
22323,48.557548,-2.291966
22324,48.79202,-3.446576
22325,48.6480279,-2.828941
22326,48.443901,-2.4198308
22327,48.491704,-2.02715
22328,48.387731,-3.387319
22330,48.2289269,-2.8556157
22331,48.268368,-3.153783
22332,48.3866843,-2.5499523
22333,48.238916,-2.44198
22334,48.273302,-3.106149
22335,48.427631,-3.068987
22337,48.332673,-2.338259
22338,48.628481,-3.153686
22339,48.475473,-2.016382
22340,48.670712,-3.39538
22341,48.400119,-2.403265
22342,48.400127,-2.17127
22343,48.771415,-3.577927
22344,48.308101,-3.474562
22345,48.355094,-2.553519
22346,48.359998,-2.618188
22347,48.7745564,-3.2281001
22348,48.358296,-2.2375
22349,48.69857,-3.566531
22350,48.650081,-3.564204
22351,48.299932,-3.516829
22352,48.337095,-2.030534
22353,48.817362,-3.51469
22354,48.5575387,-3.2734512
22356,48.5659512,-2.8823259
22358,48.612032,-3.165119
22359,48.599154,-3.403639
22360,48.489692,-2.737246
22361,48.602047,-2.94312
22362,48.789503,3.2309
22363,48.808959,-3.372643
22364,48.433953,-2.117724
22365,48.33266,-3.268291
22366,48.60398,-3.61193
22368,48.558387,-2.063
22369,48.34706,-2.26315
22370,48.673987,-3.029013
22371,48.19816,-2.290012
22372,48.5231018066,-2.84823989868
22373,48.188015,-3.519583
22375,48.61569,-2.984133
22376,48.212555,-2.795458
22377,48.663465,-2.871916
22378,48.656044,-3.059369
22379,48.811657,-3.357767
22380,48.389177,-2.064895
22381,48.758205,-3.366814
22383,48.753982,-3.226704
22384,48.280277,-2.840158
22385,48.487378,-1.982596
22386,48.388231,-3.002346
22387,48.607282,-3.450567
22388,48.439565,-2.1543
22389,48.484313,-2.676554
22390,48.715164,-3.052445
22391,48.346471,-2.174912
29001,48.24618,-4.31788
29002,47.901358,-3.440617
29003,48.021487,-4.537792
29004,47.932231,-3.695469
29005,47.858118,-3.604421
29006,47.876314,-4.113509
29007,48.404046,-3.751844
29008,48.075184,-4.511815
29010,48.530549,-4.116966
29011,48.428956,-4.514971
29012,48.44392,-3.5846
29013,48.383693,-3.922724
29014,48.526888,-3.64121
29015,48.499198,-4.506596
29016,48.300565,-3.95535
29017,48.477888,-4.713797
29018,48.360634,-3.850518
29019,48.391693,-4.484541
29020,48.101741,-4.001317
29021,48.6614615,-4.3276959
29022,48.27556,-4.59761
29023,48.66762,-3.91382
29024,48.275726,-3.574236
29025,48.15716,-4.13901
29026,48.195527,-4.094265
29027,48.18622,-3.812851
29028,48.049134,-4.648404
29029,48.235385,-3.668727
29030,48.66325,-4.1036
29031,47.79593,-3.585759
29032,47.89715,-4.06478
29033,48.256799,-3.890102
29034,48.479484,-3.793875
29035,48.507927,-4.543249
29036,48.28652,-3.77487
29037,47.887029,-4.155376
29038,48.413733,-3.956427
29039,47.870611,-3.919211
29040,48.36043,-4.77084
29041,48.060758,-3.830104
29042,48.24527,-4.48903
29043,48.360971,-4.263881
29044,48.218863,4.165563
29045,48.397628,-4.271505
29046,48.091731,-4.330297
29047,48.533931,-4.372043
29048,48.104231,-3.977813
29049,47.994985,-3.891018
29051,47.994985,-3.891018
29053,48.294265,-4.177608
29054,48.390703,-3.852455
29055,48.5610459,-4.3349938
29056,48.427659,-4.315004
29057,47.907962,-3.979245
29058,47.89425,-4.01223
29059,47.907962,-3.979245
29060,47.91073,-4.115076
29061,48.451333,-4.466181
29062,48.169513,-3.972661
29063,48.055609,-4.591714
29064,48.628222,-4.301014
29065,48.020418,-4.266809
29066,48.020418,-4.266809
29067,48.517858,-3.587447
29068,48.5501,-3.96201
29069,48.423644,-4.557221
29070,48.016505,-4.357696
29071,47.936196,-3.4154
29072,47.794727,-4.282399
29073,48.667613,-3.707918
29074,48.487645,-3.998798
29075,48.436074,-4.40094
29076,48.490985,-4.574482
29077,48.633771,-4.411163
29078,48.327994,-4.160992
29079,48.632446,-3.927408
29080,48.327801,-4.241778
29081,48.36438,-3.74481
29082,48.744467,-4.01087
29083,48.035677,-4.850726
29084,48.398412,-4.959267
29085,47.842421,-4.167781
29086,48.371239,-4.212905
29087,48.065551,-4.25717
29089,48.274425,-3.623411
29090,48.0921311,-4.2758629
29091,48.644446,-4.367363
29093,48.571155,-4.419709
29094,48.591483,-4.346458
29095,48.47213,-4.373544
29097,48.492866,-4.041279
29098,48.447938,-4.761507
29099,48.565129,-4.660294
29100,48.551956,-4.386812
29101,48.586941,-4.573725
29102,48.227301,-3.729406
29103,48.450743,-4.248582
29104,48.292556,-4.267777
29105,48.509191,-4.068838
29106,48.09118,-4.058156
29107,48.063781,-3.979032
29108,47.99962,-4.33728
29109,48.532726,-4.726489
29110,48.066798,-3.912353
29111,48.57983,-4.210828
29112,48.474244,-4.751145
29113,48.646954,-3.715493
29114,48.489243,-3.67192
29115,48.301393,-3.89615
29116,48.497649,-4.203208
29117,48.570103,-4.522117
29119,48.474442,-4.63849
29120,48.286192,-4.461278
29122,48.138059,-3.835222
29123,48.192773,-3.897641
29124,48.572005,-4.322732
29125,48.098994,-3.782384
29126,48.554737,-4.405565
29128,48.473001,-4.094537
29130,48.3742,-4.64548
29131,48.452849,-4.065156
29132,48.624621,-3.860498
29133,48.690851,-3.649157
29134,48.09864,-4.20724
29135,47.83217,-4.17426
29136,47.936911,-3.478203
29137,48.321264,-4.299144
29139,48.276973,-4.047912
29140,48.375283,-4.306355
29141,48.319513,-3.85847
29142,48.182474,-4.027781
29143,48.034328,-4.436168
29144,48.44843,-4.158988
29145,48.050822,-4.427236
29146,47.906171,-3.834574
29147,47.903754,-3.576349
29148,48.618285,-4.024569
29150,47.815199,-3.628953
29151,48.57766,-3.82837
29152,48.202078,-3.55466
29153,47.81883,-3.79327
29155,48.455356,-5.097373
29156,48.43775,-4.23522
29158,47.812558,-4.337368
29159,47.94054,-4.30962
29160,48.502265,-4.424026
29161,47.907192,-4.043314
29162,48.22604,-3.96926
29163,48.50467,-3.87532
29165,47.823815,-4.228728
29166,48.15718,-4.232497
29167,47.982105,-4.269845
29168,48.15718,-4.232497
29169,48.077907,-4.191519
29170,47.93474,-4.1529
29171,47.841447,-4.283015
29172,48.180417,-4.23194
29173,48.015935,-4.207804
29174,47.90322,-4.28573
29175,48.252337,-3.824718
29176,48.125705,-4.222001
29177,48.43332,-4.73254
29178,48.540318,-4.657575
29179,48.536704,-4.313196
29180,48.453252,-4.142772
29181,48.484358,-4.245855
29182,48.621006,-3.674934
29183,48.57227,-3.60965
29184,48.628341,-3.992316
29185,48.657392,-4.174019
29186,48.639639,-3.821871
29187,48.561905,-4.142167
29188,48.695353,-3.790208
29189,48.373702,-4.3697883
29190,48.340626,-4.718207
29191,48.520678,-3.712243
29192,48.666902,-4.043901
29193,48.553587,-4.084862
29195,48.606344,-4.504631
29196,48.525287,-4.599142
29197,48.014507,-4.487307
29198,48.6086006165,-4.29853010178
29199,48.567618,-3.701582
29201,48.403466,-4.722167
29202,48.439008,-3.89131
29204,48.515597,-4.212538
29205,48.298292,-3.589708
29206,48.61694,-4.21268
29207,48.53513,-3.79056
29208,48.50941,-4.68697
29209,48.529895,-4.451344
29210,48.57957,-4.03777
29211,48.314093,-3.735654
29212,48.38022,-4.601237
29213,48.596205,-4.113181
29214,47.915928,-4.361306
29215,47.987772,-4.425438
29216,47.979423,-4.177493
29217,47.855162,-3.744628
29218,48.04099,-4.486162
29220,47.86667,-4.22226
29221,48.508624,-4.765819
29222,48.2152303,-4.0732745
29224,48.042835,-4.326221
29225,47.953685,-4.35753
29226,48.080809,-4.415605
29227,48.340028,-3.642694
29228,48.025378,-4.610614
29229,48.115982,-4.120124
29230,47.959403,-3.536545
29232,47.996194,-4.102035
29233,47.873634,-3.551328
29234,47.8601812,-3.4609375
29235,48.407664,-4.396364
29236,47.842777,-3.69346
29237,48.472363,-4.20336
29238,48.315038,-4.546989
29239,48.7263,-3.98543
29240,48.263587,-4.195158
29241,47.959354,-3.82756
29243,48.190696,-4.05972
29244,48.190696,-4.05972
29245,48.45393,-4.33529
29246,48.361973,-4.123
29247,47.936705,-4.022946
29248,48.602056,-4.367311
29249,48.16246,-3.7841
29250,48.217514,-3.636032
29251,48.694343,-3.772466
29252,47.865789,-4.28083
29254,48.575395,-3.843991
29255,48.56071,-4.265377
29256,48.202284,-4.28188
29257,48.565596,-4.601586
29259,48.68557,-3.98627
29260,48.433515,-4.621822
29261,48.349034,-3.996549
29262,48.447711,-4.003273
29263,48.24007,-4.06529
29264,48.511009,-4.154655
29265,48.558005,-3.876257
29266,48.520815,-3.946546
29267,48.164469,-3.885277
29268,48.478309,-4.336342
29269,47.959392,-3.623777
29270,48.400295,-4.227834
29271,48.59383,-4.137964
29272,47.967259,-3.937092
29273,48.703104,-4.029088
29274,48.026754,-3.70187
29275,48.433351,-3.678359
29276,48.66499,-4.06384
29277,48.40554,-4.079034
29278,48.19255,-3.71656
29279,48.603589,-3.900055
29280,48.231223,-4.35482
29281,48.025157,-3.825329
29282,48.3706,-4.73514
29284,48.025157,-3.825329
29285,48.627628,-4.096488
29286,48.415098,-4.171026
29287,48.622859,-4.261307
29288,48.551989,-4.296912
29289,48.251272,-4.225444
29290,48.550459,-4.539448
29291,48.10496,-3.86201
29292,47.89227,-4.33157
29293,47.85488,-3.85247
29294,48.393944,-4.131407
29295,48.504602,-4.254874
29296,47.906237,-4.211624
29297,47.89908,-3.53359
29298,47.918016,-4.323665
29299,48.496673,-4.602865
29300,47.894813,-3.640982
29301,48.608491,-4.088733
29302,48.254648,-4.089783
35001,48.133532,-1.534079
35002,48.005139,-1.475983
35003,48.293594,-1.590364
35004,48.459684,-1.482598
35005,47.927301,-1.302766
35006,48.057164,-1.148173
35007,48.2945286,-1.6334631
35008,47.960964,-1.195518
35009,48.525249,-1.774257
35010,48.553061,-1.699224
35012,47.842841,-1.683124
35013,47.7066001892,-2.07161998749
35014,48.010775,-1.290052
35015,48.168289,-1.193052
35016,47.985042,-1.932352
35017,48.313054,-1.898137
35018,48.443477,-1.104904
35019,48.427486,-1.574981
35021,48.338133,-1.156757
35022,48.296583,-1.945717
35023,48.179796,-1.943373
35024,48.182901,-1.639844
35025,48.286301,-1.245506
35026,48.111498,-2.123914
35027,48.166524,-2.066844
35028,47.969966,-1.401937
35029,48.466878,-1.767145
35030,47.870075,-1.600973
35031,48.183951,-1.437499
35032,47.9936905,-1.612615
35033,47.927938,-1.739026
35034,48.513115,-1.660558
35035,47.950933,-1.976448
35037,48.048241,-1.864031
35038,48.104359,-1.062035
35039,48.110587,-1.4829
35040,48.145286,-1.899562
35041,47.951078,-1.539124
35042,48.007683,-1.089607
35044,48.473738,-1.650795
35045,47.8141302,-2.0247814
35046,47.888866,-2.041736
35047,48.024252,-1.746361
35049,48.6734243,-1.853119
35050,48.284664,-1.888693
35051,48.119506,-1.602911
35052,48.147551,-1.311461
35054,47.966178,-1.615898
35055,48.088426,-1.620389
35056,48.383782,-1.824592
35057,47.929768,-1.939774
35058,48.270995,-1.853392
35059,48.177068,-1.732709
35060,48.2135604,-1.9918547
35061,48.141336,-1.100479
35062,48.347543,-1.099741
35063,48.313624,-1.308505
35064,47.700983,-1.9346748
35065,48.1264762878,-1.8621070385
35066,48.040996,-1.707158
35067,48.2372016907,-1.56638002396
35068,48.109406,-1.405353
35069,48.0488071,-1.50324409
35070,48.56155,-1.92867
35071,48.415626,-1.254275
35072,48.22465,-1.179197
35075,48.3765573,-1.4616194
35076,48.0543079,-1.7832178
35077,47.8539757,-1.223366
35078,48.605226,-1.709343
35079,48.212093,-1.630503
35080,48.105851,-1.872632
35081,48.2151985168,-1.89271998405
35082,47.882277,-1.442775
35084,47.876768,-2.084245
35085,48.4098014832,-1.75198996067
35086,48.2739757,-1.2913047
35087,48.080276,-1.307321
35088,47.978993,-1.588107
35089,47.887211,-1.507035
35090,47.936305,-1.661008
35091,48.206699,-2.140521
35092,48.449683,-1.663998
35093,48.631554,-2.054845
35094,48.357121,-1.715655
35095,48.549907,-1.753557
35096,48.070397,-1.394757
35097,47.996126,-1.240443
35098,47.7621582,-1.6879873
35099,48.062014,-1.522057
35101,48.193337,-1.369693
35102,47.900483,-1.265403
35103,47.8224386,-1.2444762
35104,48.510286,-1.6978329
35105,48.099512,-1.125714
35106,47.829719,-1.560383
35107,48.2559888,-1.5170371
35108,47.959244,-1.422192
35109,48.059965,-1.193981
35110,48.328331,-1.640315
35111,48.491263,-1.293657
35112,48.336156,-1.126547
35113,48.466076,-1.504438
35114,47.861266,-1.280052
35115,48.35151,-1.204406
35116,48.594892,-1.843227
35117,48.1319727,-2.2218351
35118,48.29746,-1.518873
35119,47.9892615,-1.1243545
35120,48.1784971,-1.7339931
35121,48.246923,-1.466234
35122,48.6034951,-1.891234
35123,48.0067173,-1.84600039999998
35124,47.722478,-1.731791
35125,47.941933,-1.230696
35126,47.966161,-1.796306
35127,47.919458,-1.861566
35128,48.298382,-1.723777
35130,48.295423,-1.802047
35131,48.1277185,-1.81784270000003
35132,48.606154,-1.801747
35133,48.1292959,-2.033727
35134,48.288181,-1.866541
35135,48.2484405,-1.9482028
35136,47.9594935,-1.4983827
35137,48.319567,-1.21655
35138,48.370618,-1.14888
35139,47.9794217,-1.7261459
35140,47.85608,-1.510827
35141,48.1614,-1.29013
35142,48.412651,-1.153001
35143,48.250627,-1.997397
35144,48.244674,-1.854458
35145,47.720988,-1.8497
35146,48.250108,-1.824504
35148,48.394182,-1.699921
35149,47.978497,-1.8746468
35150,48.368224,-1.217684
35151,47.850636,-1.94404
35152,48.214118,-1.505423
35153,48.564247,-1.862812
35154,48.218354,1.342362
35155,47.8668527,-1.8851435
35156,48.3095008,-1.939422
35157,48.394381,-1.066587
35159,48.449037,-1.726288
35160,47.937448,-2.079304
35161,48.048393,-1.331843
35162,48.479781,-1.124075
35163,48.284698,-1.11723
35164,48.385553,-1.604002
35165,47.949579,-1.360881
35166,48.141448,-1.339848
35167,47.831395,-1.317591
35168,47.890954,-1.986499
35169,47.982539,-2.034337
35170,48.237365,-1.302683
35171,48.267981,-2.067183
35172,48.411874,-1.815008
35173,48.2162832,-1.6973015
35174,48.488243,-1.189895
35175,47.897827,-1.968349
35176,47.824797,-1.806687
35177,48.219431,-1.753986
35178,48.260177,-1.398874
35179,48.515142,-1.899414
35180,48.284351,-1.930926
35181,48.575959,-2.012063
35183,48.081824,-1.095883
35184,48.19966,-2.04969
35185,48.203641,-1.148745
35186,48.569941,-1.768831
35187,48.066211,-1.979069
35188,48.141303,-1.960687
35189,48.155974,-1.716206
35190,48.510955,-1.181556
35191,48.4420934,-1.3085174
35192,48.246872,-1.223486
35193,48.247207,-1.728685
35194,48.1498231,-1.2405718
35195,48.3071724,-1.6713003
35196,48.073329,-1.847476
35197,48.232024,-1.607829
35198,48.001651,-1.371529
35199,47.9234741,-1.2696521
35200,47.9690919,-1.2720225
35201,48.127683,-2.157235
35202,47.802637,-1.7416264
35203,48.16225,-1.976886
35204,48.041783,-1.546434
35205,48.413299,-1.624132
35206,48.042581,-1.661867
35207,48.114179,-1.524207
35208,47.995581,-1.667544
35210,48.146697,-1.772732
35211,48.0196614,-2.1722963
35212,47.882579,-1.662665
35214,48.273232,-1.201638
35215,48.4264876,-1.4568386
35216,48.191818,-1.83159
35217,48.0347595,-1.0367746
35218,47.927122,-1.608326
35219,47.808843,-1.946275
35220,48.01162,-1.424402
35221,47.8957408,-1.750545
35222,48.53367,-1.563607
35223,48.002441,-2.097265
35224,48.526735,-1.848805
35225,48.413635,-1.923461
35226,48.397366,-1.903851
35227,48.183463,-1.919172
35228,48.57859,2.061498
35229,48.115392,-1.249575
35230,48.47401,-1.251176
35231,47.887059,-1.684892
35232,48.21819,-1.088176
35233,48.34445,-1.826991
35234,48.249363,-2.141253
35235,47.923112,-1.241695
35236,47.650908,-2.083836
35237,47.719541,-1.975478
35238,48.111346,-1.680064
35239,47.9124938,-1.3786806
35240,48.101097,-1.795384
35241,48.606629,-2.03432
35242,48.400352,-1.51167
35243,48.342397,-1.2762
35244,48.376008,-1.497211
35245,48.2153186,-1.8925612
35246,48.543732,-1.814004
35247,48.589891,-1.591955
35248,48.552002,-1.586202
35249,47.730154,-1.824916
35250,48.014233,-1.593614
35251,48.262902,-1.605884
35252,48.094481,-1.2968
35253,48.260041,-1.399049
35255,48.619216,-1.850391
35256,48.618631,-2.132706
35257,48.411428,-1.365536
35258,48.292485,-1.849717
35259,48.586885,-1.655889
35260,48.22687,-1.247136
35261,48.34158,-1.446642
35262,47.8574161,-1.386898
35263,48.6375999,-1.9044799
35264,48.0952976,-1.3718972
35265,48.3712812,-1.8750562
35266,48.018007,-1.651392
35268,47.7546424,1.884126
35270,48.5683749,-1.54875419999996
35271,48.508875,-1.243273
35272,48.01071,-1.167667
35273,48.403835,-1.262785
35274,48.249039,-1.659471
35275,48.1544207,-1.8293476
35276,48.267255,-1.836433
35277,48.113359,-2.066707
35278,48.154311,-1.682883
35279,48.576971,-1.88419
35280,48.3515187,-1.3561202
35281,48.0791088,-1.7137103
35282,48.289817,-1.369756
35283,48.117164,-1.361106
35284,48.5988066,-1.9723514
35285,47.7649437,-1.9620876
35286,48.39434,-1.648593
35287,48.63652,2.10966
35288,48.6511988,-2.0239391
35289,47.87733,-1.786991
35290,48.093345,-2.100763
35291,48.587731,-1.634394
35292,48.364832,-1.409367
35294,47.693915,-2.000419
35295,48.135014,-2.084444
35296,48.273601,-1.660933
35297,48.189559,-2.1925364
35299,48.637744,-1.904794
35300,48.178515,-1.117172
35302,48.189701,-2.192529
35303,48.462982,-1.443282
35304,48.328968,-1.424433
35305,48.053324,-2.058009
35306,48.5317165,-1.591146
35307,48.287307,-1.987182
35308,48.446965,-1.913094
35309,48.4259986877,-1.57492005825
35310,48.3421427,-1.3136453
35311,47.853553,-2.005931
35312,47.905141,-1.787883
35314,48.5689109,-1.971214
35315,48.218393,-1.578689
35316,47.766473,-1.621139
35317,48.291558,-1.82147
35318,48.335904,-1.933899
35319,48.029922,-1.93213
35320,48.174573,-2.0300204
35321,47.914465,-1.584654
35322,47.895457,-1.608219
35324,48.310402,-1.127068
35325,47.943964,-1.172058
35326,48.33281,-1.535671
35327,48.1211061,-1.4593812
35328,47.775992,-2.079651
35329,48.509139,-1.52345
35330,48.188922,-1.238675
35331,48.108867,-1.928102
35332,47.807559967,-1.53892695904
35333,47.9197006,-1.42838
35334,48.1562652588,-1.58071303368
35335,47.854545,-1.479934
35336,48.3501903,-1.4087787
35337,48.328863,-1.83519
35338,48.061438,-1.267632
35339,48.497073,-1.587817
35340,48.037987,-2.006179
35341,48.42255,-1.476367
35342,48.425326,-1.70322
35343,47.882248,-1.548044
35345,48.37151,-1.929329
35346,48.342847,-1.892759
35347,48.177218,-1.301799
35348,48.299245,-1.309713
35350,48.036252,-1.264622
35351,48.070828,-1.932543
35352,48.044569,-1.601494
35353,48.119125,-1.755143
35354,48.5109161,-1.5441691
35355,48.343356,-1.488066
35356,48.248325,-1.784263
35357,48.461445,-1.2175149
35358,48.546642,-1.955009
35359,47.954443,-1.303248
35360,48.124427,-1.214469
35361,48.602374,-1.7729991
35362,48.4863195,-1.8387869
35363,48.010883,-1.706164
56001,47.6371994019,-2.16206002235
56002,47.554993,-2.559785
56003,47.6269736,-2.822921
56004,47.5163002014,-2.37644004822
56005,47.547936,-2.891529
56006,47.9197998047,-2.27823996544
56007,47.6665725708,-2.98384189606
56008,47.6195748,-2.9189674
56009,47.315739,-3.188146
56010,47.8741989136,-3.0209300518
56011,47.595783,2.239316
56012,47.9703218,-2.1712827
56013,47.6757011,-3.1690599
56014,47.9954,-3.39275
56015,47.632874,-2.525483
56017,47.8792991638,-2.77259993553
56018,47.5304717,-2.4886667
56019,47.868768,-2.63248
56020,47.7807998657,-2.43741989136
56021,47.7937334,-3.1943587
56022,47.774721,-2.945943
56023,47.7206001282,-2.99699997902
56024,48.0629005432,-2.68706011772
56025,48.1227301,-2.3876687
56026,47.9643009,-3.1726963
56027,47.9352149963,-2.67683792114
56028,47.6311788,-2.2852798
56029,47.8749152,-3.32344839999996
56030,47.4809455,-2.3972028
56031,47.8460508,-2.9994643
56032,47.956696,-2.293105
56033,47.814184,-2.131981
56034,47.584606,3.078243
56035,47.864116,-2.318941
56036,47.8101005554,-3.34073996544
56039,47.8647621,-2.9418056
56040,47.8534001997835,-3.38464736938477
56041,48.124639,-3.0693609
56042,47.8182983398,-2.81137990952
56043,48.0643539429,-2.20784807205
56044,47.746265,-2.1046
56045,47.741814,-2.501395
56046,47.6161994934,-3.00054001808
56047,48.0343827,-2.7673648
56048,48.0647010803,-3.36333990097
56049,48.13876,-2.870264
56050,47.9573898315,-2.50075411797
56051,47.878451,-2.597683
56052,47.519848,-2.57881
56053,47.7327690125,-2.58994889259
56054,47.6416015625,-3.15569996834
56055,47.657136,-3.201829
56056,48.077935,-2.410223
56057,48.0320014954,-3.48931002617
56058,47.4818992615,-2.34283995628
56059,48.017552,-2.646488
56060,47.739541,-2.212769
56061,47.7659988403,-2.13347005844
56062,47.6964621,-3.3532587
56063,47.8039016724,-3.44286990166
56065,47.9383049011,-2.3562939167
56066,48.1394004822,-3.60700011253
56067,47.757900238,-2.8431699276
56068,47.995348,-2.498762
56069,47.6394,-3.4536
56070,47.9385986328,-2.56578993797
56071,47.8933003,-2.6390547
56072,48.094045,-2.795597
56073,48.0668983459,-3.20743989944
56074,47.907468,-2.980031
56075,47.903788,-2.120054
56076,48.029800415,-3.09139990807
56077,47.584867,-2.407692
56078,47.7892990112,-3.48779988289
56079,47.910737,-2.466245
56080,48.0414009094,-2.40436005592
56081,48.048500061,-3.64398002625
56082,47.9718173,-2.4747569
56083,47.8055244,-3.2750241
56084,47.585682,-2.701784
56085,47.339719,-2.879322
56086,47.6223983765,-2.83127999306
56087,47.5975,-2.8433
56088,47.5891990662,-2.80426001549
56089,47.976104,-3.282488
56090,47.8433990479,-3.26654005051
56091,47.95383,-2.546427
56092,48.0430984497,-2.83363008499
56093,48.1461982727,-2.95581007004
56094,47.764429,-3.24002
56096,47.7481994629,-3.0759499073
56097,47.7650909424,-3.12295103073
56098,47.763536,-3.346828
56099,48.1217422485,-3.23485994339
56100,48.1034011841,-3.49170994759
56101,47.8338546753,-3.15835094452
56102,48.002019,-2.582845
56103,47.9569740295,-2.65132403374
56104,47.8995286,-3.2614676
56105,47.997597,-3.540313
56106,47.5871009827,-2.89668011665
56107,47.7064323425,-3.38333296776
56108,47.7116012573,-2.51581001282
56109,47.6131183,-2.5349464
56110,48.0362014771,-3.27361989021
56111,47.636634,-2.354775
56112,47.8599233,-2.5292659
56113,48.071797,-3.187704
56114,47.2937011719,-3.08422994614
56115,47.757354,-2.788252
56116,47.5695991516,-2.94502997398
56117,47.889071,-2.83584
56118,47.726045,-3.34127
56119,47.7123026704,-3.10638427734
56120,47.7582015991,-2.76661992073
56121,47.7482524,-3.3702449
56122,47.98859,-4.1315
56123,47.6772003174,-2.2974998951
56124,47.810233,-2.383505
56125,48.081038,3.053354
56126,47.5415000916,-2.32661008835
56127,48.0837895,-2.2839084
56128,47.9802017212,-3.11088991165
56129,48.1394996643,-2.4608900547
56130,47.7364006042,-3.2345700264
56131,47.993218,-3.43197
56132,47.716941,-2.763995
56133,47.835766,-2.350601
56134,48.0525625,-2.525587
56135,47.7308006287,-2.43514990807
56136,47.8725565,-2.2089957
56137,47.7433013916,-2.68000006676
56139,47.88114,-2.422098
56140,47.9184989929,-2.81888008118
56141,47.856005,-2.833785
56143,47.554599762,-2.48274993896
56144,47.98981,2.831737
56145,48.0139007568,-2.32957005501
56146,48.1285587,-2.9838565
56147,47.532395,-2.283569
56148,47.7499588,-3.1856577
56149,47.592073,-2.457148
56151,48.0673044,-2.8814959
56152,47.3474006653,-3.15675997734
56153,47.5784988403,-2.35703992844
56154,47.7131996155,-2.21924996376
56155,47.482038,-2.475471
56156,48.030829,-3.195553
56157,47.7787017822,-2.69321990013
56158,47.6980284,-2.8050554
56159,47.7588996887,-2.37363004684
56160,47.99007,-2.685574
56161,47.65102,-3.07164399999999
56162,47.7366981506,-3.42627000809
56163,48.0868988037,-3.28706002235
56164,47.6543006897,-2.86833000183
56165,47.93172,-2.39781
56166,47.915491,-3.334662
56167,47.6526985,-2.9172699
56168,47.5979003906,-3.11262011528
56169,47.6974478,-3.25220920000004
56170,48.1454801,-3.3883461
56171,47.6963005066,-2.36257004738
56172,47.837699,-2.639409
56173,47.958069,-2.97272
56174,47.861441,-2.887228
56175,47.7414933,-2.9183851
56176,47.675201416,-2.95855998993
56177,47.777282,-3.009527
56178,48.0644426,-2.9676715
56179,47.834999,-3.398969
56180,47.9094009399,-2.19899988174
56181,47.7084999084,-3.35588002205
56182,48.0601997375,-3.4101600647
56184,47.6601039,-2.4506579
56185,47.787647,-3.418031
56186,47.486352,-3.119258
56188,47.904800415,-3.13381004333
56189,47.961639,-2.713885
56190,47.9762992859,-2.74545001984
56191,47.860101,-2.238127
56193,47.7200879,-3.304275
56194,47.5979995728,-2.10770988464
56195,47.518693,-2.3030657
56196,47.6992225647,-2.33633208275
56197,47.86414,-2.44878
56198,48.0696592,-2.7523059
56199,48.126201,-3.7196401
56200,47.818788,-2.281829
56201,48.089435,-3.561757
56202,47.8563995361,-2.41125011444
56203,48.1814913,-3.0150192
56204,47.9104995728,-2.7231400013
56205,47.5718002319,-2.71088004112
56206,47.68981,-2.73568
56207,47.926662,-3.040992
56208,48.089949,-2.3645382
56209,48.164291,-3.129087
56210,48.040506,-3.363389
56211,47.7701321,-2.3175324
56212,47.5447998047,-2.15475010872
56213,48.109104,-2.886761
56214,47.5009002686,-2.83420991898
56215,48.124913,-2.819904
56216,47.6330986023,-2.26125001907
56218,47.726084,-2.281963
56219,47.781476,-2.5082399
56220,47.7193984985,-3.20532989502
56221,47.684732,2.215052
56222,47.8451004028,-2.72047996521
56223,47.636794,-2.126292
56224,47.7944506,-2.319388
56225,48.0903735,-2.2550834
56226,47.957901001,-2.15170001984
56227,48.013658,-2.472373
56228,47.8043411,-2.4182214
56229,47.7451123,-2.2533544
56230,47.802741,-2.220603
56231,47.702885,-2.651779
56232,47.6367988586,-2.1264500618
56233,47.587901,-2.9994489
56234,47.5205001831,-3.13013005257
56236,47.9166989,-2.51727540000002
56237,47.9445121,-3.0495857
56238,48.099593,-3.33916
56239,47.7000007629,-2.14607000351
56240,47.527789,-2.768621
56241,47.3711271,-3.2233199
56242,48.107022,-3.159376
56243,47.619901,2.737427
56244,47.822576,-2.506211
56245,48.1491241455,-3.15759396553
56246,48.045501709,-2.98588991165
56247,47.6758003235,-2.57155990601
56248,47.577597,-2.6288079
56249,47.8808287,-2.3588141
56250,47.5704994202,-2.11129999161
56251,47.6296005249,-2.65041995049
56252,47.5260936,-2.6447588
56253,47.8387298584,-2.22375607491
56254,47.79282,-2.5916769
56255,47.681098938,-2.61392998695
56256,48.0087064,-2.2879995
56257,48.0978012085,-2.54727005959
56258,47.5849495,-3.0271185
56259,47.603099823,-2.58774995804
56260,47.65835,-2.76097
56261,47.6904578,-2.5446221
56262,47.6397361755,-2.94804191589
56263,47.703616,-2.95051
56264,48.0055999756,-3.32031989098
