code_commune,population
22001,589
22002,1180
22003,973
22004,4889
22005,1024
22006,272
22008,1170
22009,186
22011,1054
22012,824
22013,2145
22014,1277
22015,1684
22016,429
22018,334
22019,518
22020,2943
22021,1153
22023,406
22024,245
22025,2312
22026,729
22028,845
22029,350
22030,899
22031,673
22032,2501
22033,353
22034,1571
22035,1054
22036,211
22037,413
22039,578
22040,532
22041,248
22042,489
22044,1869
22045,402
22046,6556
22047,914
22048,2331
22049,1671
22050,14764
22052,385
22053,675
22054,3974
22055,7041
22056,1784
22057,412
22059,1375
22060,648
22061,1440
22062,560
22063,551
22064,866
22065,1751
22067,2601
22068,423
22069,215
22070,7111
22071,701
22072,409
22073,386
22074,658
22075,687
22076,1479
22077,1294
22079,2310
22081,4335
22082,927
22083,706
22084,2541
22085,292
22086,642
22087,629
22088,245
22090,1112
22091,443
22092,268
22093,17241
22094,1611
22095,167
22096,461
22097,761
22098,1444
22099,1077
22101,1175
22103,991
22104,563
22105,1170
22106,7939
22107,1248
22108,121
22109,252
22110,575
22111,394
22112,423
22113,20315
22114,874
22115,464
22116,1387
22117,1814
22118,4291
22119,608
22121,1969
22122,744
22124,216
22126,152
22127,1623
22128,434
22129,75
22131,840
22132,245
22133,659
22134,3019
22135,2448
22136,9987
22137,1497
22138,362
22139,75
22140,626
22141,226
22143,1771
22144,1320
22145,812
22146,443
22147,3139
22148,249
22149,481
22150,986
22152,1271
22153,738
22155,2173
22156,645
22157,656
22158,2532
22160,985
22161,2771
22162,7341
22163,671
22164,1893
22165,617
22166,2584
22168,7336
22169,191
22170,1712
22171,4602
22172,3104
22174,721
22175,1662
22176,6933
22177,1443
22178,1306
22179,1611
22180,1992
22181,716
22182,3344
22183,3764
22184,1578
22185,2579
22186,3988
22187,14425
22188,1123
22189,563
22190,4065
22193,1635
22194,3639
22195,2365
22196,921
22197,2924
22198,3848
22199,1188
22201,750
22202,754
22203,4103
22204,1229
22205,467
22206,3974
22207,2237
22208,1798
22209,4498
22210,2932
22211,3780
22212,1140
22213,3416
22214,3147
22215,11507
22216,760
22217,426
22218,1242
22219,2380
22220,1601
22221,1747
22222,4634
22223,2007
22224,1598
22225,5414
22226,2466
22227,798
22228,1479
22229,1064
22231,351
22232,2155
22233,2270
22234,1144
22235,198
22236,738
22237,2844
22238,529
22239,1421
22240,1160
22241,1678
22242,1521
22243,559
22244,520
22245,1017
22246,2116
22248,1809
22249,595
22250,1002
22251,7454
22254,1078
22255,885
22256,1118
22257,417
22258,3969
22259,3955
22260,597
22261,363
22262,2739
22263,359
22264,2629
22265,1794
22266,3282
22267,409
22268,595
22269,245
22271,376
22272,2169
22273,2397
22274,409
22275,1223
22276,267
22277,2317
22278,44364
22279,1132
22280,1167
22281,1576
22282,3371
22283,877
22284,303
22285,258
22286,495
22287,1477
22288,372
22289,210
22291,248
22293,384
22294,307
22295,307
22296,664
22299,1560
22300,425
22302,908
22304,694
22305,446
22306,594
22307,2101
22308,663
22310,541
22311,882
22312,218
22313,319
22314,399
22315,286
22316,454
22317,270
22318,334
22319,447
22320,167
22321,1523
22322,397
22323,839
22324,1308
22325,3224
22326,551
22327,1625
22328,435
22330,371
22331,189
22332,526
22333,781
22334,126
22335,235
22337,1117
22338,747
22339,2636
22340,1201
22341,704
22342,441
22343,3821
22344,761
22345,844
22346,906
22347,1055
22348,513
22349,1478
22350,210
22351,516
22352,282
22353,2524
22354,1096
22356,945
22358,515
22359,464
22360,8450
22361,630
22362,2294
22363,1245
22364,2865
22365,183
22366,409
22368,729
22369,809
22370,362
22371,1156
22372,2259
22373,106
22375,670
22376,1681
22377,813
22378,228
22379,1603
22380,682
22381,354
22383,227
22384,1134
22385,1149
22386,742
22387,1299
22388,1304
22389,5074
22390,765
22391,1135
29001,1065
29002,1441
29003,3727
29004,5725
29005,1369
29006,3849
29007,943
29008,1008
29010,1723
29011,3727
29012,168
29013,224
29014,425
29015,3573
29016,1067
29017,868
29018,454
29019,142346
29020,5816
29021,1972
29022,2494
29023,3272
29024,7412
29025,1570
29026,5085
29027,3651
29028,916
29029,1130
29030,3584
29031,4708
29032,2264
29033,502
29034,641
29035,1133
29036,588
29037,4265
29038,983
29039,20845
29040,2835
29041,1856
29042,7499
29043,1864
29044,1853
29045,2188
29046,14068
29047,1896
29048,2186
29049,3427
29051,8606
29053,1911
29054,677
29055,3315
29056,2018
29057,3508
29058,10436
29059,1043
29060,2836
29061,6501
29062,1111
29063,446
29064,432
29065,949
29066,1846
29067,1285
29068,2585
29069,8268
29070,520
29071,803
29072,2669
29073,982
29074,994
29075,15538
29076,4816
29077,1979
29078,2025
29079,1181
29080,2215
29081,1440
29082,458
29083,263
29084,176
29085,742
29086,1411
29087,765
29089,897
29090,805
29091,1999
29093,1407
29094,665
29095,1571
29097,2032
29098,2221
29099,816
29100,401
29101,3702
29102,993
29103,16363
29104,330
29105,9426
29106,1882
29107,930
29108,1459
29109,1579
29110,836
29111,1282
29112,1013
29113,2387
29114,342
29115,321
29116,158
29117,5709
29119,1551
29120,2044
29122,685
29123,812
29124,7566
29125,846
29126,210
29128,376
29130,5130
29131,487
29132,790
29133,1555
29134,829
29135,4075
29136,1177
29137,2130
29139,828
29140,3959
29141,336
29142,424
29143,1021
29144,751
29145,861
29146,3371
29147,3404
29148,946
29150,6749
29151,15194
29152,654
29153,2795
29155,860
29156,2234
29158,5508
29159,917
29160,8686
29161,3311
29162,3692
29163,3166
29165,3718
29166,550
29167,2024
29168,1131
29169,3236
29170,4239
29171,3904
29172,2282
29173,2409
29174,6452
29175,2160
29176,1781
29177,4029
29178,6522
29179,3732
29180,872
29181,3103
29182,1050
29183,717
29184,2610
29185,3554
29186,1646
29187,789
29188,3192
29189,13434
29190,4521
29191,3382
29192,1755
29193,1522
29195,6755
29196,2268
29197,3919
29198,1809
29199,5014
29201,2074
29202,1297
29204,2251
29205,1157
29206,2281
29207,4548
29208,1268
29209,3968
29210,2916
29211,687
29212,13567
29213,1897
29214,677
29215,2984
29216,4223
29217,2777
29218,1669
29220,8484
29221,1753
29222,404
29224,1213
29225,2119
29226,1453
29227,1470
29228,650
29229,1119
29230,1645
29232,64385
29233,12469
29234,3043
29235,11897
29236,4376
29237,1893
29238,855
29239,3334
29240,1012
29241,7550
29243,475
29244,861
29245,1605
29246,220
29247,3574
29248,874
29249,739
29250,753
29251,692
29252,997
29254,4773
29255,942
29256,753
29257,2087
29259,6941
29260,8577
29261,223
29262,849
29263,1182
29264,784
29265,1077
29266,3148
29267,703
29268,1956
29269,1000
29270,1670
29271,873
29272,3431
29273,2454
29274,5178
29275,816
29276,1143
29277,2325
29278,1774
29279,2914
29280,2167
29281,1002
29282,368
29284,2429
29285,518
29286,260
29287,991
29288,634
29289,134
29290,689
29291,947
29292,311
29293,7148
29294,633
29295,483
29296,1503
29297,2402
29298,573
29299,323
29300,1652
29301,405
29302,3663
35001,6874
35002,1768
35003,1017
35004,4072
35005,266
35006,4633
35007,453
35008,630
35009,1702
35010,1756
35012,7674
35013,3535
35014,2539
35015,2162
35016,2210
35017,675
35018,1095
35019,1877
35021,1256
35022,677
35023,4662
35024,12964
35025,1010
35026,97
35027,1804
35028,728
35029,1536
35030,696
35031,4667
35032,4804
35033,3411
35034,1271
35035,618
35037,6391
35038,612
35039,2232
35040,3675
35041,988
35042,692
35044,415
35045,855
35046,542
35047,19683
35049,5672
35050,589
35051,18761
35052,505
35054,1912
35055,10670
35056,824
35057,1537
35058,1298
35059,4738
35060,1050
35061,717
35062,2451
35063,479
35064,1114
35065,2304
35066,8880
35067,1744
35068,7533
35069,10845
35070,1664
35071,430
35072,1775
35075,810
35076,4709
35077,363
35078,1108
35079,2397
35080,2645
35081,947
35082,1426
35084,671
35085,6411
35086,610
35087,961
35088,3567
35089,448
35090,2819
35091,592
35092,828
35093,10772
35094,1705
35095,5829
35096,2491
35097,2055
35098,1424
35099,3877
35101,1237
35102,502
35103,429
35104,1438
35105,1703
35106,1566
35107,2034
35108,1028
35109,2703
35110,1074
35111,732
35114,268
35115,20307
35116,2509
35117,1613
35118,1523
35119,938
35120,6061
35121,2145
35122,2021
35123,4359
35124,2584
35125,4554
35126,9412
35127,4175
35128,1738
35130,2267
35131,4730
35132,1382
35133,4609
35134,274
35135,2300
35136,8649
35137,2205
35138,1234
35139,5225
35140,593
35141,674
35142,1250
35143,941
35144,1106
35145,1423
35146,604
35148,136
35149,1841
35150,3530
35151,811
35152,9339
35153,398
35154,1758
35155,702
35156,592
35157,621
35159,340
35160,243
35161,1890
35162,3346
35163,1868
35164,749
35165,1017
35166,1023
35167,2688
35168,3930
35169,1450
35170,618
35171,1853
35172,1974
35173,7541
35174,651
35175,1021
35176,7354
35177,5033
35178,1734
35179,4408
35180,776
35181,1524
35183,804
35184,6597
35185,269
35186,1101
35187,1366
35188,6810
35189,3827
35190,248
35191,2208
35192,237
35193,2080
35194,1043
35195,2420
35196,7911
35197,1712
35198,724
35199,293
35200,896
35201,927
35202,1002
35203,362
35204,3911
35205,392
35206,8359
35207,6269
35208,5732
35210,11703
35211,1772
35212,1159
35214,657
35215,1286
35216,1793
35217,1363
35218,901
35219,3859
35220,3224
35221,2833
35222,2002
35223,4076
35224,2895
35225,790
35226,2087
35227,3543
35228,7167
35229,1312
35230,394
35231,1261
35232,400
35233,1588
35234,1287
35235,1100
35236,9542
35237,1027
35238,230890
35239,4566
35240,9839
35241,2664
35242,357
35243,2438
35244,277
35245,4189
35246,1378
35247,1059
35248,468
35249,1035
35250,2433
35251,4304
35252,917
35253,4203
35255,975
35256,2258
35257,5088
35258,330
35259,1153
35260,566
35261,231
35262,368
35263,2969
35264,2022
35265,2619
35266,3651
35268,413
35270,384
35271,1541
35272,1018
35273,2096
35274,1017
35275,5576
35276,651
35277,377
35278,9957
35279,1285
35280,1037
35281,13800
35282,2927
35283,1375
35284,2847
35285,1107
35286,293
35287,2768
35288,47439
35289,1081
35290,618
35291,431
35292,1553
35294,2247
35295,505
35296,1377
35297,4653
35299,4720
35300,1354
35302,1126
35304,1326
35305,407
35306,2440
35307,966
35308,4492
35309,818
35310,1565
35311,610
35312,1863
35314,1018
35315,1580
35316,820
35317,625
35318,996
35319,2184
35320,513
35321,801
35322,1117
35324,582
35325,153
35326,2592
35327,4152
35328,2273
35329,547
35330,1028
35331,2571
35332,1117
35333,1731
35334,8667
35335,868
35336,199
35337,3939
35338,1281
35339,634
35340,1350
35342,355
35343,1234
35345,918
35346,205
35347,2620
35350,806
35351,1389
35352,8207
35353,6471
35354,329
35355,1286
35356,2329
35357,301
35358,1233
35359,881
35360,19365
35361,1065
35362,1202
35363,4245
56001,3955
56002,2101
56003,5835
56004,1846
56005,2271
56006,1569
56007,14207
56008,5086
56009,994
56010,6367
56011,1493
56012,1944
56013,3893
56014,1551
56015,2129
56017,2757
56018,1066
56019,335
56020,873
56021,1494
56022,1466
56023,7052
56024,2306
56025,200
56026,2242
56027,547
56028,1641
56029,1277
56030,1183
56031,3260
56032,1991
56033,3232
56034,4194
56035,1126
56036,7206
56039,1001
56040,3460
56041,2885
56042,2296
56043,758
56044,812
56045,697
56046,3423
56047,1483
56048,739
56050,892
56051,664
56052,1943
56053,6651
56054,4008
56055,2074
56056,210
56057,2814
56058,3499
56060,970
56061,3995
56062,696
56063,2601
56065,711
56066,3960
56067,5929
56068,304
56069,2310
56070,2365
56071,814
56072,551
56073,1175
56074,1921
56075,6208
56076,1411
56077,989
56078,12338
56079,1396
56080,1368
56081,2037
56082,395
56083,15910
56084,930
56085,104
56086,219
56087,630
56088,321
56089,2188
56090,6691
56091,2584
56092,852
56093,714
56094,7204
56096,2516
56097,4056
56098,23263
56099,403
56100,1930
56101,8042
56102,2253
56103,296
56104,808
56105,1145
56106,917
56107,8418
56108,1104
56109,1264
56110,861
56111,1370
56112,840
56113,890
56114,978
56115,1855
56116,1577
56117,4773
56118,4093
56119,3530
56120,2031
56121,58329
56122,1750
56123,2339
56124,2558
56125,1857
56126,2684
56127,3163
56128,1598
56129,1476
56130,3174
56131,1479
56132,2280
56133,1195
56134,991
56135,1633
56136,763
56137,3356
56139,375
56140,3704
56141,1775
56143,5089
56144,3379
56145,1045
56146,1482
56147,4951
56148,1676
56149,2548
56151,3606
56152,2599
56153,2929
56154,1873
56155,2085
56156,365
56157,1978
56158,6362
56159,1866
56160,1281
56161,3175
56162,18872
56163,1255
56164,6790
56165,10163
56166,5755
56167,2664
56168,2285
56169,5400
56170,1060
56171,1542
56172,2754
56173,4632
56174,2885
56175,4207
56176,6262
56177,7682
56178,14640
56179,4037
56180,743
56181,2608
56182,1037
56184,8133
56185,8991
56186,4876
56188,1444
56189,1066
56190,1955
56191,438
56193,5865
56194,2856
56195,746
56196,647
56197,2807
56198,1526
56199,722
56200,1422
56201,612
56202,552
56203,637
56204,675
56205,903
56206,12470
56207,1197
56208,308
56209,178
56210,467
56211,792
56212,2645
56213,1312
56214,2004
56215,1087
56216,443
56218,763
56219,1468
56220,1303
56221,1745
56222,2869
56223,1429
56224,396
56225,210
56226,537
56227,545
56228,1155
56229,1312
56230,469
56231,3990
56232,1086
56233,1575
56234,2344
56236,806
56237,1885
56238,376
56239,1679
56240,9212
56241,1036
56242,673
56243,9554
56244,3429
56245,491
56246,2121
56247,3852
56248,5211
56249,2428
56250,611
56251,8500
56252,1343
56253,699
56254,1400
56255,2572
56256,111
56257,663
56258,1845
56259,1678
56260,55790
56261,1495
56262,2608
56263,2889
56264,418
